,Country,Indicator,Year,Amount
94,Australia,RD&D per thousand units of GDP,1974,0.0
2113,Italy,RD&D per thousand units of GDP,2019,0.0
2114,Italy,RD&D per thousand units of GDP,2020,0.0
2350,Korea,RD&D per thousand units of GDP,1974,0.0
2351,Korea,RD&D per thousand units of GDP,1975,0.0
2352,Korea,RD&D per thousand units of GDP,1976,0.0
2353,Korea,RD&D per thousand units of GDP,1977,0.0
2354,Korea,RD&D per thousand units of GDP,1978,0.0
2355,Korea,RD&D per thousand units of GDP,1979,0.0
2093,Italy,RD&D per thousand units of GDP,1999,0.0
2356,Korea,RD&D per thousand units of GDP,1980,0.0
2358,Korea,RD&D per thousand units of GDP,1982,0.0
2359,Korea,RD&D per thousand units of GDP,1983,0.0
2360,Korea,RD&D per thousand units of GDP,1984,0.0
2361,Korea,RD&D per thousand units of GDP,1985,0.0
2362,Korea,RD&D per thousand units of GDP,1986,0.0
2363,Korea,RD&D per thousand units of GDP,1987,0.0
2364,Korea,RD&D per thousand units of GDP,1988,0.0
2365,Korea,RD&D per thousand units of GDP,1989,0.0
2357,Korea,RD&D per thousand units of GDP,1981,0.0
2366,Korea,RD&D per thousand units of GDP,1990,0.0
2086,Italy,RD&D per thousand units of GDP,1992,0.0
2070,Italy,RD&D per thousand units of GDP,1976,0.0
1809,Hungary,RD&D per thousand units of GDP,1997,0.0
1810,Hungary,RD&D per thousand units of GDP,1998,0.0
1811,Hungary,RD&D per thousand units of GDP,1999,0.0
1942,Ireland,RD&D per thousand units of GDP,1989,0.0
1944,Ireland,RD&D per thousand units of GDP,1991,0.0
1945,Ireland,RD&D per thousand units of GDP,1992,0.0
1946,Ireland,RD&D per thousand units of GDP,1993,0.0
1947,Ireland,RD&D per thousand units of GDP,1994,0.0
3806,Spain,RD&D per thousand units of GDP,2020,0.0
1948,Ireland,RD&D per thousand units of GDP,1995,0.0
1950,Ireland,RD&D per thousand units of GDP,1997,0.0
1951,Ireland,RD&D per thousand units of GDP,1998,0.0
1952,Ireland,RD&D per thousand units of GDP,1999,0.0
1953,Ireland,RD&D per thousand units of GDP,2000,0.0
1954,Ireland,RD&D per thousand units of GDP,2001,0.0
1973,Ireland,RD&D per thousand units of GDP,2020,0.0
2068,Italy,RD&D per thousand units of GDP,1974,0.0
2069,Italy,RD&D per thousand units of GDP,1975,0.0
1949,Ireland,RD&D per thousand units of GDP,1996,0.0
2367,Korea,RD&D per thousand units of GDP,1991,0.0
2368,Korea,RD&D per thousand units of GDP,1992,0.0
2369,Korea,RD&D per thousand units of GDP,1993,0.0
2498,Lithuania,RD&D per thousand units of GDP,1981,0.0
2499,Lithuania,RD&D per thousand units of GDP,1982,0.0
2500,Lithuania,RD&D per thousand units of GDP,1983,0.0
2501,Lithuania,RD&D per thousand units of GDP,1984,0.0
2502,Lithuania,RD&D per thousand units of GDP,1985,0.0
2503,Lithuania,RD&D per thousand units of GDP,1986,0.0
2504,Lithuania,RD&D per thousand units of GDP,1987,0.0
2505,Lithuania,RD&D per thousand units of GDP,1988,0.0
2497,Lithuania,RD&D per thousand units of GDP,1980,0.0
2506,Lithuania,RD&D per thousand units of GDP,1989,0.0
2508,Lithuania,RD&D per thousand units of GDP,1991,0.0
2509,Lithuania,RD&D per thousand units of GDP,1992,0.0
2510,Lithuania,RD&D per thousand units of GDP,1993,0.0
2511,Lithuania,RD&D per thousand units of GDP,1994,0.0
2512,Lithuania,RD&D per thousand units of GDP,1995,0.0
2513,Lithuania,RD&D per thousand units of GDP,1996,0.0
2514,Lithuania,RD&D per thousand units of GDP,1997,0.0
2515,Lithuania,RD&D per thousand units of GDP,1998,0.0
2507,Lithuania,RD&D per thousand units of GDP,1990,0.0
2496,Lithuania,RD&D per thousand units of GDP,1979,0.0
2495,Lithuania,RD&D per thousand units of GDP,1978,0.0
2494,Lithuania,RD&D per thousand units of GDP,1977,0.0
2370,Korea,RD&D per thousand units of GDP,1994,0.0
2371,Korea,RD&D per thousand units of GDP,1995,0.0
2372,Korea,RD&D per thousand units of GDP,1996,0.0
2373,Korea,RD&D per thousand units of GDP,1997,0.0
2374,Korea,RD&D per thousand units of GDP,1998,0.0
2375,Korea,RD&D per thousand units of GDP,1999,0.0
2376,Korea,RD&D per thousand units of GDP,2000,0.0
2377,Korea,RD&D per thousand units of GDP,2001,0.0
2379,Korea,RD&D per thousand units of GDP,2003,0.0
3652,Slovak Republic,RD&D per thousand units of GDP,2007,0.0
3651,Slovak Republic,RD&D per thousand units of GDP,2006,0.0
3650,Slovak Republic,RD&D per thousand units of GDP,2005,0.0
3649,Slovak Republic,RD&D per thousand units of GDP,2004,0.0
3648,Slovak Republic,RD&D per thousand units of GDP,2003,0.0
3647,Slovak Republic,RD&D per thousand units of GDP,2002,0.0
2396,Korea,RD&D per thousand units of GDP,2020,0.0
2491,Lithuania,RD&D per thousand units of GDP,1974,0.0
2492,Lithuania,RD&D per thousand units of GDP,1975,0.0
2493,Lithuania,RD&D per thousand units of GDP,1976,0.0
1808,Hungary,RD&D per thousand units of GDP,1996,0.0
1807,Hungary,RD&D per thousand units of GDP,1995,0.0
1806,Hungary,RD&D per thousand units of GDP,1994,0.0
1805,Hungary,RD&D per thousand units of GDP,1993,0.0
4198,Turkey,RD&D per thousand units of GDP,1989,0.0
4197,Turkey,RD&D per thousand units of GDP,1988,0.0
4196,Turkey,RD&D per thousand units of GDP,1987,0.0
4195,Turkey,RD&D per thousand units of GDP,1986,0.0
4194,Turkey,RD&D per thousand units of GDP,1985,0.0
4193,Turkey,RD&D per thousand units of GDP,1984,0.0
4192,Turkey,RD&D per thousand units of GDP,1983,0.0
4191,Turkey,RD&D per thousand units of GDP,1982,0.0
1237,Finland,RD&D per thousand units of GDP,1989,0.0
4190,Turkey,RD&D per thousand units of GDP,1981,0.0
4188,Turkey,RD&D per thousand units of GDP,1979,0.0
4187,Turkey,RD&D per thousand units of GDP,1978,0.0
1268,Finland,RD&D per thousand units of GDP,2020,0.0
1363,France,RD&D per thousand units of GDP,1974,0.0
1364,France,RD&D per thousand units of GDP,1975,0.0
1365,France,RD&D per thousand units of GDP,1976,0.0
1366,France,RD&D per thousand units of GDP,1977,0.0
1367,France,RD&D per thousand units of GDP,1978,0.0
4189,Turkey,RD&D per thousand units of GDP,1980,0.0
1236,Finland,RD&D per thousand units of GDP,1988,0.0
1235,Finland,RD&D per thousand units of GDP,1987,0.0
1234,Finland,RD&D per thousand units of GDP,1986,0.0
1112,Estonia,RD&D per thousand units of GDP,2005,0.0
1113,Estonia,RD&D per thousand units of GDP,2006,0.0
1114,Estonia,RD&D per thousand units of GDP,2007,0.0
1115,Estonia,RD&D per thousand units of GDP,2008,0.0
1116,Estonia,RD&D per thousand units of GDP,2009,0.0
1117,Estonia,RD&D per thousand units of GDP,2010,0.0
4219,Turkey,RD&D per thousand units of GDP,2010,0.0
1222,Finland,RD&D per thousand units of GDP,1974,0.0
1223,Finland,RD&D per thousand units of GDP,1975,0.0
1224,Finland,RD&D per thousand units of GDP,1976,0.0
1225,Finland,RD&D per thousand units of GDP,1977,0.0
1226,Finland,RD&D per thousand units of GDP,1978,0.0
1227,Finland,RD&D per thousand units of GDP,1979,0.0
1228,Finland,RD&D per thousand units of GDP,1980,0.0
1229,Finland,RD&D per thousand units of GDP,1981,0.0
1230,Finland,RD&D per thousand units of GDP,1982,0.0
1231,Finland,RD&D per thousand units of GDP,1983,0.0
1232,Finland,RD&D per thousand units of GDP,1984,0.0
1233,Finland,RD&D per thousand units of GDP,1985,0.0
1368,France,RD&D per thousand units of GDP,1979,0.0
2516,Lithuania,RD&D per thousand units of GDP,1999,0.0
1369,France,RD&D per thousand units of GDP,1980,0.0
1371,France,RD&D per thousand units of GDP,1982,0.0
1786,Hungary,RD&D per thousand units of GDP,1974,0.0
1787,Hungary,RD&D per thousand units of GDP,1975,0.0
1788,Hungary,RD&D per thousand units of GDP,1976,0.0
1789,Hungary,RD&D per thousand units of GDP,1977,0.0
1790,Hungary,RD&D per thousand units of GDP,1978,0.0
1791,Hungary,RD&D per thousand units of GDP,1979,0.0
1792,Hungary,RD&D per thousand units of GDP,1980,0.0
1793,Hungary,RD&D per thousand units of GDP,1981,0.0
1691,Greece,RD&D per thousand units of GDP,2020,0.0
1794,Hungary,RD&D per thousand units of GDP,1982,0.0
1796,Hungary,RD&D per thousand units of GDP,1984,0.0
1797,Hungary,RD&D per thousand units of GDP,1985,0.0
1799,Hungary,RD&D per thousand units of GDP,1987,0.0
1800,Hungary,RD&D per thousand units of GDP,1988,0.0
1801,Hungary,RD&D per thousand units of GDP,1989,0.0
1802,Hungary,RD&D per thousand units of GDP,1990,0.0
1803,Hungary,RD&D per thousand units of GDP,1991,0.0
1804,Hungary,RD&D per thousand units of GDP,1992,0.0
1795,Hungary,RD&D per thousand units of GDP,1983,0.0
1690,Greece,RD&D per thousand units of GDP,2019,0.0
1689,Greece,RD&D per thousand units of GDP,2018,0.0
1688,Greece,RD&D per thousand units of GDP,2017,0.0
1372,France,RD&D per thousand units of GDP,1983,0.0
1373,France,RD&D per thousand units of GDP,1984,0.0
4186,Turkey,RD&D per thousand units of GDP,1977,0.0
4185,Turkey,RD&D per thousand units of GDP,1976,0.0
4184,Turkey,RD&D per thousand units of GDP,1975,0.0
4183,Turkey,RD&D per thousand units of GDP,1974,0.0
1409,France,RD&D per thousand units of GDP,2020,0.0
1645,Greece,RD&D per thousand units of GDP,1974,0.0
1646,Greece,RD&D per thousand units of GDP,1975,0.0
1647,Greece,RD&D per thousand units of GDP,1976,0.0
1669,Greece,RD&D per thousand units of GDP,1998,0.0
1670,Greece,RD&D per thousand units of GDP,1999,0.0
1674,Greece,RD&D per thousand units of GDP,2003,0.0
1675,Greece,RD&D per thousand units of GDP,2004,0.0
1683,Greece,RD&D per thousand units of GDP,2012,0.0
1684,Greece,RD&D per thousand units of GDP,2013,0.0
1685,Greece,RD&D per thousand units of GDP,2014,0.0
1686,Greece,RD&D per thousand units of GDP,2015,0.0
1687,Greece,RD&D per thousand units of GDP,2016,0.0
1370,France,RD&D per thousand units of GDP,1981,0.0
2517,Lithuania,RD&D per thousand units of GDP,2000,0.0
2518,Lithuania,RD&D per thousand units of GDP,2001,0.0
2519,Lithuania,RD&D per thousand units of GDP,2002,0.0
3633,Slovak Republic,RD&D per thousand units of GDP,1988,0.0
3632,Slovak Republic,RD&D per thousand units of GDP,1987,0.0
3631,Slovak Republic,RD&D per thousand units of GDP,1986,0.0
3630,Slovak Republic,RD&D per thousand units of GDP,1985,0.0
3629,Slovak Republic,RD&D per thousand units of GDP,1984,0.0
3628,Slovak Republic,RD&D per thousand units of GDP,1983,0.0
3627,Slovak Republic,RD&D per thousand units of GDP,1982,0.0
3626,Slovak Republic,RD&D per thousand units of GDP,1981,0.0
3634,Slovak Republic,RD&D per thousand units of GDP,1989,0.0
3625,Slovak Republic,RD&D per thousand units of GDP,1980,0.0
3623,Slovak Republic,RD&D per thousand units of GDP,1978,0.0
2944,Netherlands,RD&D per thousand units of GDP,2004,0.0
3622,Slovak Republic,RD&D per thousand units of GDP,1977,0.0
2960,Netherlands,RD&D per thousand units of GDP,2020,0.0
3055,New Zealand,RD&D per thousand units of GDP,1974,0.0
3621,Slovak Republic,RD&D per thousand units of GDP,1976,0.0
3620,Slovak Republic,RD&D per thousand units of GDP,1975,0.0
3069,New Zealand,RD&D per thousand units of GDP,1988,0.0
3624,Slovak Republic,RD&D per thousand units of GDP,1979,0.0
3635,Slovak Republic,RD&D per thousand units of GDP,1990,0.0
3636,Slovak Republic,RD&D per thousand units of GDP,1991,0.0
3637,Slovak Republic,RD&D per thousand units of GDP,1992,0.0
2799,Mexico,RD&D per thousand units of GDP,2000,0.0
2800,Mexico,RD&D per thousand units of GDP,2001,0.0
2801,Mexico,RD&D per thousand units of GDP,2002,0.0
2802,Mexico,RD&D per thousand units of GDP,2003,0.0
2803,Mexico,RD&D per thousand units of GDP,2004,0.0
2804,Mexico,RD&D per thousand units of GDP,2005,0.0
2805,Mexico,RD&D per thousand units of GDP,2006,0.0
2806,Mexico,RD&D per thousand units of GDP,2007,0.0
2807,Mexico,RD&D per thousand units of GDP,2008,0.0
2808,Mexico,RD&D per thousand units of GDP,2009,0.0
2809,Mexico,RD&D per thousand units of GDP,2010,0.0
2810,Mexico,RD&D per thousand units of GDP,2011,0.0
2811,Mexico,RD&D per thousand units of GDP,2012,0.0
3643,Slovak Republic,RD&D per thousand units of GDP,1998,0.0
3642,Slovak Republic,RD&D per thousand units of GDP,1997,0.0
3641,Slovak Republic,RD&D per thousand units of GDP,1996,0.0
3640,Slovak Republic,RD&D per thousand units of GDP,1995,0.0
3639,Slovak Republic,RD&D per thousand units of GDP,1994,0.0
3638,Slovak Republic,RD&D per thousand units of GDP,1993,0.0
3070,New Zealand,RD&D per thousand units of GDP,1989,0.0
2798,Mexico,RD&D per thousand units of GDP,1999,0.0
3073,New Zealand,RD&D per thousand units of GDP,1992,0.0
3619,Slovak Republic,RD&D per thousand units of GDP,1974,0.0
3360,Poland,RD&D per thousand units of GDP,1997,0.0
3361,Poland,RD&D per thousand units of GDP,1998,0.0
3362,Poland,RD&D per thousand units of GDP,1999,0.0
3363,Poland,RD&D per thousand units of GDP,2000,0.0
3364,Poland,RD&D per thousand units of GDP,2001,0.0
3365,Poland,RD&D per thousand units of GDP,2002,0.0
3366,Poland,RD&D per thousand units of GDP,2003,0.0
3367,Poland,RD&D per thousand units of GDP,2004,0.0
3359,Poland,RD&D per thousand units of GDP,1996,0.0
3368,Poland,RD&D per thousand units of GDP,2005,0.0
3370,Poland,RD&D per thousand units of GDP,2007,0.0
3478,Portugal,RD&D per thousand units of GDP,1974,0.0
3479,Portugal,RD&D per thousand units of GDP,1975,0.0
3480,Portugal,RD&D per thousand units of GDP,1976,0.0
3481,Portugal,RD&D per thousand units of GDP,1977,0.0
3482,Portugal,RD&D per thousand units of GDP,1978,0.0
3483,Portugal,RD&D per thousand units of GDP,1979,0.0
3486,Portugal,RD&D per thousand units of GDP,1982,0.0
3369,Poland,RD&D per thousand units of GDP,2006,0.0
3358,Poland,RD&D per thousand units of GDP,1995,0.0
3357,Poland,RD&D per thousand units of GDP,1994,0.0
3356,Poland,RD&D per thousand units of GDP,1993,0.0
3337,Poland,RD&D per thousand units of GDP,1974,0.0
3338,Poland,RD&D per thousand units of GDP,1975,0.0
3339,Poland,RD&D per thousand units of GDP,1976,0.0
3340,Poland,RD&D per thousand units of GDP,1977,0.0
3341,Poland,RD&D per thousand units of GDP,1978,0.0
3342,Poland,RD&D per thousand units of GDP,1979,0.0
3343,Poland,RD&D per thousand units of GDP,1980,0.0
3344,Poland,RD&D per thousand units of GDP,1981,0.0
3345,Poland,RD&D per thousand units of GDP,1982,0.0
3346,Poland,RD&D per thousand units of GDP,1983,0.0
3347,Poland,RD&D per thousand units of GDP,1984,0.0
3348,Poland,RD&D per thousand units of GDP,1985,0.0
3349,Poland,RD&D per thousand units of GDP,1986,0.0
3350,Poland,RD&D per thousand units of GDP,1987,0.0
3351,Poland,RD&D per thousand units of GDP,1988,0.0
3352,Poland,RD&D per thousand units of GDP,1989,0.0
3353,Poland,RD&D per thousand units of GDP,1990,0.0
3354,Poland,RD&D per thousand units of GDP,1991,0.0
3355,Poland,RD&D per thousand units of GDP,1992,0.0
3101,New Zealand,RD&D per thousand units of GDP,2020,0.0
1111,Estonia,RD&D per thousand units of GDP,2004,0.0
2797,Mexico,RD&D per thousand units of GDP,1998,0.0
2795,Mexico,RD&D per thousand units of GDP,1996,0.0
2638,Luxembourg,RD&D per thousand units of GDP,1980,0.0
2639,Luxembourg,RD&D per thousand units of GDP,1981,0.0
2640,Luxembourg,RD&D per thousand units of GDP,1982,0.0
2641,Luxembourg,RD&D per thousand units of GDP,1983,0.0
2642,Luxembourg,RD&D per thousand units of GDP,1984,0.0
2643,Luxembourg,RD&D per thousand units of GDP,1985,0.0
2644,Luxembourg,RD&D per thousand units of GDP,1986,0.0
2645,Luxembourg,RD&D per thousand units of GDP,1987,0.0
2637,Luxembourg,RD&D per thousand units of GDP,1979,0.0
2646,Luxembourg,RD&D per thousand units of GDP,1988,0.0
2648,Luxembourg,RD&D per thousand units of GDP,1990,0.0
2649,Luxembourg,RD&D per thousand units of GDP,1991,0.0
2650,Luxembourg,RD&D per thousand units of GDP,1992,0.0
2651,Luxembourg,RD&D per thousand units of GDP,1993,0.0
2652,Luxembourg,RD&D per thousand units of GDP,1994,0.0
2653,Luxembourg,RD&D per thousand units of GDP,1995,0.0
2654,Luxembourg,RD&D per thousand units of GDP,1996,0.0
2655,Luxembourg,RD&D per thousand units of GDP,1997,0.0
2647,Luxembourg,RD&D per thousand units of GDP,1989,0.0
2636,Luxembourg,RD&D per thousand units of GDP,1978,0.0
2635,Luxembourg,RD&D per thousand units of GDP,1977,0.0
2634,Luxembourg,RD&D per thousand units of GDP,1976,0.0
2520,Lithuania,RD&D per thousand units of GDP,2003,0.0
2521,Lithuania,RD&D per thousand units of GDP,2004,0.0
2522,Lithuania,RD&D per thousand units of GDP,2005,0.0
2523,Lithuania,RD&D per thousand units of GDP,2006,0.0
2524,Lithuania,RD&D per thousand units of GDP,2007,0.0
2525,Lithuania,RD&D per thousand units of GDP,2008,0.0
2526,Lithuania,RD&D per thousand units of GDP,2009,0.0
2527,Lithuania,RD&D per thousand units of GDP,2010,0.0
2528,Lithuania,RD&D per thousand units of GDP,2011,0.0
2529,Lithuania,RD&D per thousand units of GDP,2012,0.0
2530,Lithuania,RD&D per thousand units of GDP,2013,0.0
2531,Lithuania,RD&D per thousand units of GDP,2014,0.0
2532,Lithuania,RD&D per thousand units of GDP,2015,0.0
2533,Lithuania,RD&D per thousand units of GDP,2016,0.0
2534,Lithuania,RD&D per thousand units of GDP,2017,0.0
2535,Lithuania,RD&D per thousand units of GDP,2018,0.0
3646,Slovak Republic,RD&D per thousand units of GDP,2001,0.0
2632,Luxembourg,RD&D per thousand units of GDP,1974,0.0
2633,Luxembourg,RD&D per thousand units of GDP,1975,0.0
2656,Luxembourg,RD&D per thousand units of GDP,1998,0.0
2796,Mexico,RD&D per thousand units of GDP,1997,0.0
2657,Luxembourg,RD&D per thousand units of GDP,1999,0.0
2659,Luxembourg,RD&D per thousand units of GDP,2001,0.0
2777,Mexico,RD&D per thousand units of GDP,1978,0.0
2778,Mexico,RD&D per thousand units of GDP,1979,0.0
2779,Mexico,RD&D per thousand units of GDP,1980,0.0
2780,Mexico,RD&D per thousand units of GDP,1981,0.0
2781,Mexico,RD&D per thousand units of GDP,1982,0.0
2782,Mexico,RD&D per thousand units of GDP,1983,0.0
2783,Mexico,RD&D per thousand units of GDP,1984,0.0
2784,Mexico,RD&D per thousand units of GDP,1985,0.0
2776,Mexico,RD&D per thousand units of GDP,1977,0.0
2785,Mexico,RD&D per thousand units of GDP,1986,0.0
2787,Mexico,RD&D per thousand units of GDP,1988,0.0
2788,Mexico,RD&D per thousand units of GDP,1989,0.0
2789,Mexico,RD&D per thousand units of GDP,1990,0.0
2790,Mexico,RD&D per thousand units of GDP,1991,0.0
2791,Mexico,RD&D per thousand units of GDP,1992,0.0
2792,Mexico,RD&D per thousand units of GDP,1993,0.0
2793,Mexico,RD&D per thousand units of GDP,1994,0.0
2794,Mexico,RD&D per thousand units of GDP,1995,0.0
2786,Mexico,RD&D per thousand units of GDP,1987,0.0
2775,Mexico,RD&D per thousand units of GDP,1976,0.0
2774,Mexico,RD&D per thousand units of GDP,1975,0.0
2773,Mexico,RD&D per thousand units of GDP,1974,0.0
2660,Luxembourg,RD&D per thousand units of GDP,2002,0.0
2661,Luxembourg,RD&D per thousand units of GDP,2003,0.0
2662,Luxembourg,RD&D per thousand units of GDP,2004,0.0
2663,Luxembourg,RD&D per thousand units of GDP,2005,0.0
2664,Luxembourg,RD&D per thousand units of GDP,2006,0.0
2665,Luxembourg,RD&D per thousand units of GDP,2007,0.0
2666,Luxembourg,RD&D per thousand units of GDP,2008,0.0
2667,Luxembourg,RD&D per thousand units of GDP,2009,0.0
2668,Luxembourg,RD&D per thousand units of GDP,2010,0.0
3645,Slovak Republic,RD&D per thousand units of GDP,2000,0.0
3644,Slovak Republic,RD&D per thousand units of GDP,1999,0.0
2671,Luxembourg,RD&D per thousand units of GDP,2013,0.0
2672,Luxembourg,RD&D per thousand units of GDP,2014,0.0
2673,Luxembourg,RD&D per thousand units of GDP,2015,0.0
2674,Luxembourg,RD&D per thousand units of GDP,2016,0.0
2675,Luxembourg,RD&D per thousand units of GDP,2017,0.0
2676,Luxembourg,RD&D per thousand units of GDP,2018,0.0
2677,Luxembourg,RD&D per thousand units of GDP,2019,0.0
2678,Luxembourg,RD&D per thousand units of GDP,2020,0.0
2658,Luxembourg,RD&D per thousand units of GDP,2000,0.0
1110,Estonia,RD&D per thousand units of GDP,2003,0.0
1798,Hungary,RD&D per thousand units of GDP,1986,0.0
1108,Estonia,RD&D per thousand units of GDP,2001,0.0
802,Czech Republic,RD&D per thousand units of GDP,1977,0.0
1109,Estonia,RD&D per thousand units of GDP,2002,0.0
800,Czech Republic,RD&D per thousand units of GDP,1975,0.0
799,Czech Republic,RD&D per thousand units of GDP,1974,0.0
563,Brazil,RD&D per thousand units of GDP,2020,0.0
562,Brazil,RD&D per thousand units of GDP,2019,0.0
4370,United Kingdom,RD&D per thousand units of GDP,2020,0.0
555,Brazil,RD&D per thousand units of GDP,2012,0.0
549,Brazil,RD&D per thousand units of GDP,2006,0.0
548,Brazil,RD&D per thousand units of GDP,2005,0.0
803,Czech Republic,RD&D per thousand units of GDP,1978,0.0
547,Brazil,RD&D per thousand units of GDP,2004,0.0
545,Brazil,RD&D per thousand units of GDP,2002,0.0
544,Brazil,RD&D per thousand units of GDP,2001,0.0
543,Brazil,RD&D per thousand units of GDP,2000,0.0
542,Brazil,RD&D per thousand units of GDP,1999,0.0
541,Brazil,RD&D per thousand units of GDP,1998,0.0
540,Brazil,RD&D per thousand units of GDP,1997,0.0
539,Brazil,RD&D per thousand units of GDP,1996,0.0
538,Brazil,RD&D per thousand units of GDP,1995,0.0
537,Brazil,RD&D per thousand units of GDP,1994,0.0
536,Brazil,RD&D per thousand units of GDP,1993,0.0
546,Brazil,RD&D per thousand units of GDP,2003,0.0
535,Brazil,RD&D per thousand units of GDP,1992,0.0
804,Czech Republic,RD&D per thousand units of GDP,1979,0.0
806,Czech Republic,RD&D per thousand units of GDP,1981,0.0
940,Denmark,RD&D per thousand units of GDP,1974,0.0
827,Czech Republic,RD&D per thousand units of GDP,2002,0.0
826,Czech Republic,RD&D per thousand units of GDP,2001,0.0
825,Czech Republic,RD&D per thousand units of GDP,2000,0.0
824,Czech Republic,RD&D per thousand units of GDP,1999,0.0
823,Czech Republic,RD&D per thousand units of GDP,1998,0.0
822,Czech Republic,RD&D per thousand units of GDP,1997,0.0
821,Czech Republic,RD&D per thousand units of GDP,1996,0.0
820,Czech Republic,RD&D per thousand units of GDP,1995,0.0
819,Czech Republic,RD&D per thousand units of GDP,1994,0.0
805,Czech Republic,RD&D per thousand units of GDP,1980,0.0
818,Czech Republic,RD&D per thousand units of GDP,1993,0.0
816,Czech Republic,RD&D per thousand units of GDP,1991,0.0
815,Czech Republic,RD&D per thousand units of GDP,1990,0.0
814,Czech Republic,RD&D per thousand units of GDP,1989,0.0
813,Czech Republic,RD&D per thousand units of GDP,1988,0.0
812,Czech Republic,RD&D per thousand units of GDP,1987,0.0
811,Czech Republic,RD&D per thousand units of GDP,1986,0.0
810,Czech Republic,RD&D per thousand units of GDP,1985,0.0
809,Czech Republic,RD&D per thousand units of GDP,1984,0.0
808,Czech Republic,RD&D per thousand units of GDP,1983,0.0
807,Czech Republic,RD&D per thousand units of GDP,1982,0.0
817,Czech Republic,RD&D per thousand units of GDP,1992,0.0
534,Brazil,RD&D per thousand units of GDP,1991,0.0
533,Brazil,RD&D per thousand units of GDP,1990,0.0
532,Brazil,RD&D per thousand units of GDP,1989,0.0
392,Belgium,RD&D per thousand units of GDP,1990,0.0
281,Austria,RD&D per thousand units of GDP,2020,0.0
237,Austria,RD&D per thousand units of GDP,1976,0.0
236,Austria,RD&D per thousand units of GDP,1975,0.0
235,Austria,RD&D per thousand units of GDP,1974,0.0
140,Australia,RD&D per thousand units of GDP,2020,0.0
122,Australia,RD&D per thousand units of GDP,2002,0.0
120,Australia,RD&D per thousand units of GDP,2000,0.0
118,Australia,RD&D per thousand units of GDP,1998,0.0
116,Australia,RD&D per thousand units of GDP,1996,0.0
393,Belgium,RD&D per thousand units of GDP,1991,0.0
114,Australia,RD&D per thousand units of GDP,1994,0.0
111,Australia,RD&D per thousand units of GDP,1991,0.0
110,Australia,RD&D per thousand units of GDP,1990,0.0
108,Australia,RD&D per thousand units of GDP,1988,0.0
106,Australia,RD&D per thousand units of GDP,1986,0.0
104,Australia,RD&D per thousand units of GDP,1984,0.0
102,Australia,RD&D per thousand units of GDP,1982,0.0
98,Australia,RD&D per thousand units of GDP,1978,0.0
97,Australia,RD&D per thousand units of GDP,1977,0.0
96,Australia,RD&D per thousand units of GDP,1976,0.0
95,Australia,RD&D per thousand units of GDP,1975,0.0
112,Australia,RD&D per thousand units of GDP,1992,0.0
394,Belgium,RD&D per thousand units of GDP,1992,0.0
395,Belgium,RD&D per thousand units of GDP,1993,0.0
402,Belgium,RD&D per thousand units of GDP,2000,0.0
531,Brazil,RD&D per thousand units of GDP,1988,0.0
530,Brazil,RD&D per thousand units of GDP,1987,0.0
529,Brazil,RD&D per thousand units of GDP,1986,0.0
528,Brazil,RD&D per thousand units of GDP,1985,0.0
527,Brazil,RD&D per thousand units of GDP,1984,0.0
526,Brazil,RD&D per thousand units of GDP,1983,0.0
525,Brazil,RD&D per thousand units of GDP,1982,0.0
524,Brazil,RD&D per thousand units of GDP,1981,0.0
523,Brazil,RD&D per thousand units of GDP,1980,0.0
522,Brazil,RD&D per thousand units of GDP,1979,0.0
521,Brazil,RD&D per thousand units of GDP,1978,0.0
520,Brazil,RD&D per thousand units of GDP,1977,0.0
519,Brazil,RD&D per thousand units of GDP,1976,0.0
518,Brazil,RD&D per thousand units of GDP,1975,0.0
517,Brazil,RD&D per thousand units of GDP,1974,0.0
411,Belgium,RD&D per thousand units of GDP,2009,0.0
410,Belgium,RD&D per thousand units of GDP,2008,0.0
408,Belgium,RD&D per thousand units of GDP,2006,0.0
407,Belgium,RD&D per thousand units of GDP,2005,0.0
406,Belgium,RD&D per thousand units of GDP,2004,0.0
405,Belgium,RD&D per thousand units of GDP,2003,0.0
404,Belgium,RD&D per thousand units of GDP,2002,0.0
403,Belgium,RD&D per thousand units of GDP,2001,0.0
4229,Turkey,RD&D per thousand units of GDP,2020,0.0
954,Denmark,RD&D per thousand units of GDP,1988,0.0
801,Czech Republic,RD&D per thousand units of GDP,1976,0.0
1082,Estonia,RD&D per thousand units of GDP,1975,0.0
1105,Estonia,RD&D per thousand units of GDP,1998,0.0
1090,Estonia,RD&D per thousand units of GDP,1983,0.0
1089,Estonia,RD&D per thousand units of GDP,1982,0.0
4228,Turkey,RD&D per thousand units of GDP,2019,0.0
1088,Estonia,RD&D per thousand units of GDP,1981,0.0
4222,Turkey,RD&D per thousand units of GDP,2013,0.0
4221,Turkey,RD&D per thousand units of GDP,2012,0.0
1106,Estonia,RD&D per thousand units of GDP,1999,0.0
4220,Turkey,RD&D per thousand units of GDP,2011,0.0
1083,Estonia,RD&D per thousand units of GDP,1976,0.0
1084,Estonia,RD&D per thousand units of GDP,1977,0.0
1087,Estonia,RD&D per thousand units of GDP,1980,0.0
1086,Estonia,RD&D per thousand units of GDP,1979,0.0
1085,Estonia,RD&D per thousand units of GDP,1978,0.0
1101,Estonia,RD&D per thousand units of GDP,1994,0.0
1102,Estonia,RD&D per thousand units of GDP,1995,0.0
1081,Estonia,RD&D per thousand units of GDP,1974,0.0
1091,Estonia,RD&D per thousand units of GDP,1984,0.0
1104,Estonia,RD&D per thousand units of GDP,1997,0.0
1107,Estonia,RD&D per thousand units of GDP,2000,0.0
1100,Estonia,RD&D per thousand units of GDP,1993,0.0
1099,Estonia,RD&D per thousand units of GDP,1992,0.0
1098,Estonia,RD&D per thousand units of GDP,1991,0.0
1097,Estonia,RD&D per thousand units of GDP,1990,0.0
1096,Estonia,RD&D per thousand units of GDP,1989,0.0
1095,Estonia,RD&D per thousand units of GDP,1988,0.0
1094,Estonia,RD&D per thousand units of GDP,1987,0.0
1103,Estonia,RD&D per thousand units of GDP,1996,0.0
1092,Estonia,RD&D per thousand units of GDP,1985,0.0
1093,Estonia,RD&D per thousand units of GDP,1986,0.0
4213,Turkey,RD&D per thousand units of GDP,2004,0.002
4214,Turkey,RD&D per thousand units of GDP,2005,0.005
4199,Turkey,RD&D per thousand units of GDP,1990,0.006
3515,Portugal,RD&D per thousand units of GDP,2011,0.006
3505,Portugal,RD&D per thousand units of GDP,2001,0.007
3510,Portugal,RD&D per thousand units of GDP,2006,0.008
3512,Portugal,RD&D per thousand units of GDP,2008,0.008
4203,Turkey,RD&D per thousand units of GDP,1994,0.008
4215,Turkey,RD&D per thousand units of GDP,2006,0.009
3514,Portugal,RD&D per thousand units of GDP,2010,0.009
4217,Turkey,RD&D per thousand units of GDP,2008,0.01
3371,Poland,RD&D per thousand units of GDP,2008,0.01
4212,Turkey,RD&D per thousand units of GDP,2003,0.011
4211,Turkey,RD&D per thousand units of GDP,2002,0.011
3504,Portugal,RD&D per thousand units of GDP,2000,0.011
3501,Portugal,RD&D per thousand units of GDP,1997,0.011
3511,Portugal,RD&D per thousand units of GDP,2007,0.011
4218,Turkey,RD&D per thousand units of GDP,2009,0.012
4216,Turkey,RD&D per thousand units of GDP,2007,0.012
4200,Turkey,RD&D per thousand units of GDP,1991,0.013
4205,Turkey,RD&D per thousand units of GDP,1996,0.013
4209,Turkey,RD&D per thousand units of GDP,2000,0.013
4208,Turkey,RD&D per thousand units of GDP,1999,0.013
4201,Turkey,RD&D per thousand units of GDP,1992,0.014
3506,Portugal,RD&D per thousand units of GDP,2002,0.014
3502,Portugal,RD&D per thousand units of GDP,1998,0.014
4210,Turkey,RD&D per thousand units of GDP,2001,0.015
3509,Portugal,RD&D per thousand units of GDP,2005,0.015
4202,Turkey,RD&D per thousand units of GDP,1993,0.015
3499,Portugal,RD&D per thousand units of GDP,1995,0.015
4204,Turkey,RD&D per thousand units of GDP,1995,0.017
3503,Portugal,RD&D per thousand units of GDP,1999,0.017
3516,Portugal,RD&D per thousand units of GDP,2012,0.018
3507,Portugal,RD&D per thousand units of GDP,2003,0.018
4207,Turkey,RD&D per thousand units of GDP,1998,0.019
3500,Portugal,RD&D per thousand units of GDP,1996,0.019
3508,Portugal,RD&D per thousand units of GDP,2004,0.02
3513,Portugal,RD&D per thousand units of GDP,2009,0.02
1943,Ireland,RD&D per thousand units of GDP,1990,0.023
1648,Greece,RD&D per thousand units of GDP,1977,0.024
3662,Slovak Republic,RD&D per thousand units of GDP,2017,0.024
832,Czech Republic,RD&D per thousand units of GDP,2007,0.025
3072,New Zealand,RD&D per thousand units of GDP,1991,0.026
3071,New Zealand,RD&D per thousand units of GDP,1990,0.026
4353,United Kingdom,RD&D per thousand units of GDP,2003,0.027
4351,United Kingdom,RD&D per thousand units of GDP,2001,0.027
1955,Ireland,RD&D per thousand units of GDP,2002,0.028
4352,United Kingdom,RD&D per thousand units of GDP,2002,0.03
1682,Greece,RD&D per thousand units of GDP,2011,0.031
1681,Greece,RD&D per thousand units of GDP,2010,0.033
3498,Portugal,RD&D per thousand units of GDP,1994,0.033
2819,Mexico,RD&D per thousand units of GDP,2020,0.034
830,Czech Republic,RD&D per thousand units of GDP,2005,0.035
1815,Hungary,RD&D per thousand units of GDP,2003,0.036
3660,Slovak Republic,RD&D per thousand units of GDP,2015,0.037
1813,Hungary,RD&D per thousand units of GDP,2001,0.037
4354,United Kingdom,RD&D per thousand units of GDP,2004,0.037
2818,Mexico,RD&D per thousand units of GDP,2019,0.038
1816,Hungary,RD&D per thousand units of GDP,2004,0.039
1939,Ireland,RD&D per thousand units of GDP,1986,0.039
4346,United Kingdom,RD&D per thousand units of GDP,1996,0.04
4206,Turkey,RD&D per thousand units of GDP,1997,0.04
831,Czech Republic,RD&D per thousand units of GDP,2006,0.04
1671,Greece,RD&D per thousand units of GDP,2000,0.04
1665,Greece,RD&D per thousand units of GDP,1994,0.04
4349,United Kingdom,RD&D per thousand units of GDP,1999,0.041
3075,New Zealand,RD&D per thousand units of GDP,1994,0.042
829,Czech Republic,RD&D per thousand units of GDP,2004,0.042
3497,Portugal,RD&D per thousand units of GDP,1993,0.042
4042,Switzerland,RD&D per thousand units of GDP,1974,0.043
1831,Hungary,RD&D per thousand units of GDP,2019,0.043
1812,Hungary,RD&D per thousand units of GDP,2000,0.044
4350,United Kingdom,RD&D per thousand units of GDP,2000,0.044
4348,United Kingdom,RD&D per thousand units of GDP,1998,0.044
3664,Slovak Republic,RD&D per thousand units of GDP,2019,0.044
1664,Greece,RD&D per thousand units of GDP,1993,0.045
1814,Hungary,RD&D per thousand units of GDP,2002,0.045
3076,New Zealand,RD&D per thousand units of GDP,1995,0.045
1672,Greece,RD&D per thousand units of GDP,2001,0.046
3663,Slovak Republic,RD&D per thousand units of GDP,2018,0.047
1956,Ireland,RD&D per thousand units of GDP,2003,0.048
3078,New Zealand,RD&D per thousand units of GDP,1997,0.049
3790,Spain,RD&D per thousand units of GDP,2004,0.051
4355,United Kingdom,RD&D per thousand units of GDP,2005,0.051
3518,Portugal,RD&D per thousand units of GDP,2014,0.052
1649,Greece,RD&D per thousand units of GDP,1978,0.052
4347,United Kingdom,RD&D per thousand units of GDP,1997,0.052
3077,New Zealand,RD&D per thousand units of GDP,1996,0.053
4043,Switzerland,RD&D per thousand units of GDP,1975,0.054
3791,Spain,RD&D per thousand units of GDP,2005,0.054
3081,New Zealand,RD&D per thousand units of GDP,2000,0.054
1673,Greece,RD&D per thousand units of GDP,2002,0.054
3080,New Zealand,RD&D per thousand units of GDP,1999,0.054
1663,Greece,RD&D per thousand units of GDP,1992,0.054
3074,New Zealand,RD&D per thousand units of GDP,1993,0.055
3097,New Zealand,RD&D per thousand units of GDP,2016,0.056
3517,Portugal,RD&D per thousand units of GDP,2013,0.056
139,Australia,RD&D per thousand units of GDP,2019,0.056
3792,Spain,RD&D per thousand units of GDP,2006,0.059
3079,New Zealand,RD&D per thousand units of GDP,1998,0.06
1971,Ireland,RD&D per thousand units of GDP,2018,0.06
1940,Ireland,RD&D per thousand units of GDP,1987,0.06
3788,Spain,RD&D per thousand units of GDP,2002,0.061
4345,United Kingdom,RD&D per thousand units of GDP,1995,0.062
828,Czech Republic,RD&D per thousand units of GDP,2003,0.063
1678,Greece,RD&D per thousand units of GDP,2007,0.063
1957,Ireland,RD&D per thousand units of GDP,2004,0.064
4224,Turkey,RD&D per thousand units of GDP,2015,0.064
1826,Hungary,RD&D per thousand units of GDP,2014,0.064
3496,Portugal,RD&D per thousand units of GDP,1992,0.065
3803,Spain,RD&D per thousand units of GDP,2017,0.065
1677,Greece,RD&D per thousand units of GDP,2006,0.065
3068,New Zealand,RD&D per thousand units of GDP,1987,0.066
1970,Ireland,RD&D per thousand units of GDP,2017,0.066
1680,Greece,RD&D per thousand units of GDP,2009,0.066
1666,Greece,RD&D per thousand units of GDP,1995,0.066
1969,Ireland,RD&D per thousand units of GDP,2016,0.067
1679,Greece,RD&D per thousand units of GDP,2008,0.067
1676,Greece,RD&D per thousand units of GDP,2005,0.067
4344,United Kingdom,RD&D per thousand units of GDP,1994,0.068
4044,Switzerland,RD&D per thousand units of GDP,1976,0.068
3793,Spain,RD&D per thousand units of GDP,2007,0.069
3082,New Zealand,RD&D per thousand units of GDP,2001,0.069
3789,Spain,RD&D per thousand units of GDP,2003,0.069
3799,Spain,RD&D per thousand units of GDP,2013,0.071
3787,Spain,RD&D per thousand units of GDP,2001,0.071
1937,Ireland,RD&D per thousand units of GDP,1984,0.071
251,Austria,RD&D per thousand units of GDP,1990,0.073
1972,Ireland,RD&D per thousand units of GDP,2019,0.073
1667,Greece,RD&D per thousand units of GDP,1996,0.073
4223,Turkey,RD&D per thousand units of GDP,2014,0.073
3083,New Zealand,RD&D per thousand units of GDP,2002,0.075
1958,Ireland,RD&D per thousand units of GDP,2005,0.075
3786,Spain,RD&D per thousand units of GDP,2000,0.076
4227,Turkey,RD&D per thousand units of GDP,2018,0.077
3802,Spain,RD&D per thousand units of GDP,2016,0.078
3495,Portugal,RD&D per thousand units of GDP,1991,0.079
4356,United Kingdom,RD&D per thousand units of GDP,2006,0.079
3794,Spain,RD&D per thousand units of GDP,2008,0.079
3084,New Zealand,RD&D per thousand units of GDP,2003,0.08
3805,Spain,RD&D per thousand units of GDP,2019,0.081
3086,New Zealand,RD&D per thousand units of GDP,2005,0.082
1662,Greece,RD&D per thousand units of GDP,1991,0.082
1927,Ireland,RD&D per thousand units of GDP,1974,0.083
4225,Turkey,RD&D per thousand units of GDP,2016,0.083
3804,Spain,RD&D per thousand units of GDP,2018,0.084
1827,Hungary,RD&D per thousand units of GDP,2015,0.084
3785,Spain,RD&D per thousand units of GDP,1999,0.084
3784,Spain,RD&D per thousand units of GDP,1998,0.085
3096,New Zealand,RD&D per thousand units of GDP,2015,0.086
3085,New Zealand,RD&D per thousand units of GDP,2004,0.087
4226,Turkey,RD&D per thousand units of GDP,2017,0.088
3095,New Zealand,RD&D per thousand units of GDP,2014,0.091
1529,Germany,RD&D per thousand units of GDP,1999,0.091
3197,Norway,RD&D per thousand units of GDP,1975,0.092
3800,Spain,RD&D per thousand units of GDP,2014,0.093
3198,Norway,RD&D per thousand units of GDP,1976,0.093
3094,New Zealand,RD&D per thousand units of GDP,2013,0.093
2814,Mexico,RD&D per thousand units of GDP,2015,0.093
4357,United Kingdom,RD&D per thousand units of GDP,2007,0.093
1825,Hungary,RD&D per thousand units of GDP,2013,0.094
1928,Ireland,RD&D per thousand units of GDP,1975,0.094
1830,Hungary,RD&D per thousand units of GDP,2018,0.094
3381,Poland,RD&D per thousand units of GDP,2018,0.094
136,Australia,RD&D per thousand units of GDP,2016,0.096
1661,Greece,RD&D per thousand units of GDP,1990,0.096
3087,New Zealand,RD&D per thousand units of GDP,2006,0.097
3093,New Zealand,RD&D per thousand units of GDP,2012,0.098
253,Austria,RD&D per thousand units of GDP,1992,0.098
3099,New Zealand,RD&D per thousand units of GDP,2018,0.099
3801,Spain,RD&D per thousand units of GDP,2015,0.099
1650,Greece,RD&D per thousand units of GDP,1979,0.099
3665,Slovak Republic,RD&D per thousand units of GDP,2020,0.099
3776,Spain,RD&D per thousand units of GDP,1990,0.099
4358,United Kingdom,RD&D per thousand units of GDP,2008,0.1
1941,Ireland,RD&D per thousand units of GDP,1988,0.1
1938,Ireland,RD&D per thousand units of GDP,1985,0.1
3380,Poland,RD&D per thousand units of GDP,2017,0.101
3492,Portugal,RD&D per thousand units of GDP,1988,0.102
3199,Norway,RD&D per thousand units of GDP,1977,0.103
3379,Poland,RD&D per thousand units of GDP,2016,0.103
3382,Poland,RD&D per thousand units of GDP,2019,0.104
1127,Estonia,RD&D per thousand units of GDP,2020,0.105
951,Denmark,RD&D per thousand units of GDP,1985,0.106
250,Austria,RD&D per thousand units of GDP,1989,0.107
264,Austria,RD&D per thousand units of GDP,2003,0.108
261,Austria,RD&D per thousand units of GDP,2000,0.109
137,Australia,RD&D per thousand units of GDP,2017,0.11
3098,New Zealand,RD&D per thousand units of GDP,2017,0.11
3100,New Zealand,RD&D per thousand units of GDP,2019,0.111
3485,Portugal,RD&D per thousand units of GDP,1981,0.112
268,Austria,RD&D per thousand units of GDP,2007,0.112
1119,Estonia,RD&D per thousand units of GDP,2012,0.114
3493,Portugal,RD&D per thousand units of GDP,1989,0.116
3088,New Zealand,RD&D per thousand units of GDP,2007,0.116
3783,Spain,RD&D per thousand units of GDP,1997,0.116
1832,Hungary,RD&D per thousand units of GDP,2020,0.118
1929,Ireland,RD&D per thousand units of GDP,1976,0.118
3092,New Zealand,RD&D per thousand units of GDP,2011,0.119
968,Denmark,RD&D per thousand units of GDP,2002,0.119
1660,Greece,RD&D per thousand units of GDP,1989,0.12
1532,Germany,RD&D per thousand units of GDP,2002,0.12
3383,Poland,RD&D per thousand units of GDP,2020,0.12
138,Australia,RD&D per thousand units of GDP,2018,0.121
3782,Spain,RD&D per thousand units of GDP,1996,0.121
252,Austria,RD&D per thousand units of GDP,1991,0.121
1964,Ireland,RD&D per thousand units of GDP,2011,0.122
969,Denmark,RD&D per thousand units of GDP,2003,0.123
2817,Mexico,RD&D per thousand units of GDP,2018,0.124
1668,Greece,RD&D per thousand units of GDP,1997,0.124
1654,Greece,RD&D per thousand units of GDP,1983,0.125
950,Denmark,RD&D per thousand units of GDP,1984,0.125
3494,Portugal,RD&D per thousand units of GDP,1990,0.127
1530,Germany,RD&D per thousand units of GDP,2000,0.127
263,Austria,RD&D per thousand units of GDP,2002,0.129
260,Austria,RD&D per thousand units of GDP,1999,0.13
254,Austria,RD&D per thousand units of GDP,1993,0.13
3773,Spain,RD&D per thousand units of GDP,1987,0.13
3781,Spain,RD&D per thousand units of GDP,1995,0.13
3795,Spain,RD&D per thousand units of GDP,2009,0.131
3490,Portugal,RD&D per thousand units of GDP,1986,0.131
266,Austria,RD&D per thousand units of GDP,2005,0.132
3487,Portugal,RD&D per thousand units of GDP,1983,0.132
1527,Germany,RD&D per thousand units of GDP,1997,0.132
1658,Greece,RD&D per thousand units of GDP,1987,0.133
257,Austria,RD&D per thousand units of GDP,1996,0.133
1653,Greece,RD&D per thousand units of GDP,1982,0.134
1531,Germany,RD&D per thousand units of GDP,2001,0.135
3491,Portugal,RD&D per thousand units of GDP,1987,0.135
3796,Spain,RD&D per thousand units of GDP,2010,0.136
258,Austria,RD&D per thousand units of GDP,1997,0.136
262,Austria,RD&D per thousand units of GDP,2001,0.136
256,Austria,RD&D per thousand units of GDP,1995,0.137
3772,Spain,RD&D per thousand units of GDP,1986,0.137
948,Denmark,RD&D per thousand units of GDP,1982,0.137
265,Austria,RD&D per thousand units of GDP,2004,0.138
1126,Estonia,RD&D per thousand units of GDP,2019,0.138
1525,Germany,RD&D per thousand units of GDP,1995,0.138
2815,Mexico,RD&D per thousand units of GDP,2016,0.138
1528,Germany,RD&D per thousand units of GDP,1998,0.139
4343,United Kingdom,RD&D per thousand units of GDP,1993,0.139
255,Austria,RD&D per thousand units of GDP,1994,0.14
259,Austria,RD&D per thousand units of GDP,1998,0.14
2378,Korea,RD&D per thousand units of GDP,2002,0.141
2816,Mexico,RD&D per thousand units of GDP,2017,0.141
3484,Portugal,RD&D per thousand units of GDP,1980,0.142
1930,Ireland,RD&D per thousand units of GDP,1977,0.143
949,Denmark,RD&D per thousand units of GDP,1983,0.143
3775,Spain,RD&D per thousand units of GDP,1989,0.144
3779,Spain,RD&D per thousand units of GDP,1993,0.145
1125,Estonia,RD&D per thousand units of GDP,2018,0.146
1526,Germany,RD&D per thousand units of GDP,1996,0.148
99,Australia,RD&D per thousand units of GDP,1979,0.148
3780,Spain,RD&D per thousand units of GDP,1994,0.15
1967,Ireland,RD&D per thousand units of GDP,2014,0.151
1655,Greece,RD&D per thousand units of GDP,1984,0.151
412,Belgium,RD&D per thousand units of GDP,2010,0.154
3196,Norway,RD&D per thousand units of GDP,1974,0.154
1959,Ireland,RD&D per thousand units of GDP,2006,0.154
953,Denmark,RD&D per thousand units of GDP,1987,0.155
3774,Spain,RD&D per thousand units of GDP,1988,0.155
952,Denmark,RD&D per thousand units of GDP,1986,0.156
3798,Spain,RD&D per thousand units of GDP,2012,0.158
1966,Ireland,RD&D per thousand units of GDP,2013,0.158
267,Austria,RD&D per thousand units of GDP,2006,0.158
2813,Mexico,RD&D per thousand units of GDP,2014,0.161
947,Denmark,RD&D per thousand units of GDP,1981,0.162
1534,Germany,RD&D per thousand units of GDP,2004,0.163
248,Austria,RD&D per thousand units of GDP,1987,0.163
3091,New Zealand,RD&D per thousand units of GDP,2010,0.163
1524,Germany,RD&D per thousand units of GDP,1994,0.164
1536,Germany,RD&D per thousand units of GDP,2006,0.166
1537,Germany,RD&D per thousand units of GDP,2007,0.166
1936,Ireland,RD&D per thousand units of GDP,1983,0.168
135,Australia,RD&D per thousand units of GDP,2015,0.169
3778,Spain,RD&D per thousand units of GDP,1992,0.17
1533,Germany,RD&D per thousand units of GDP,2003,0.171
1535,Germany,RD&D per thousand units of GDP,2005,0.171
1931,Ireland,RD&D per thousand units of GDP,1978,0.171
1657,Greece,RD&D per thousand units of GDP,1986,0.172
3090,New Zealand,RD&D per thousand units of GDP,2009,0.172
2099,Italy,RD&D per thousand units of GDP,2005,0.173
4359,United Kingdom,RD&D per thousand units of GDP,2009,0.174
123,Australia,RD&D per thousand units of GDP,2003,0.176
3089,New Zealand,RD&D per thousand units of GDP,2008,0.177
4045,Switzerland,RD&D per thousand units of GDP,1977,0.177
3932,Sweden,RD&D per thousand units of GDP,2005,0.183
4364,United Kingdom,RD&D per thousand units of GDP,2014,0.185
3378,Poland,RD&D per thousand units of GDP,2015,0.186
4362,United Kingdom,RD&D per thousand units of GDP,2012,0.186
1538,Germany,RD&D per thousand units of GDP,2008,0.187
955,Denmark,RD&D per thousand units of GDP,1989,0.188
3067,New Zealand,RD&D per thousand units of GDP,1986,0.188
247,Austria,RD&D per thousand units of GDP,1986,0.19
134,Australia,RD&D per thousand units of GDP,2014,0.191
107,Australia,RD&D per thousand units of GDP,1987,0.192
249,Austria,RD&D per thousand units of GDP,1988,0.194
1656,Greece,RD&D per thousand units of GDP,1985,0.195
2092,Italy,RD&D per thousand units of GDP,1998,0.195
2098,Italy,RD&D per thousand units of GDP,2004,0.196
4365,United Kingdom,RD&D per thousand units of GDP,2015,0.197
4342,United Kingdom,RD&D per thousand units of GDP,1992,0.199
3058,New Zealand,RD&D per thousand units of GDP,1977,0.199
3489,Portugal,RD&D per thousand units of GDP,1985,0.2
962,Denmark,RD&D per thousand units of GDP,1996,0.2
835,Czech Republic,RD&D per thousand units of GDP,2010,0.201
3057,New Zealand,RD&D per thousand units of GDP,1976,0.202
3056,New Zealand,RD&D per thousand units of GDP,1975,0.202
1965,Ireland,RD&D per thousand units of GDP,2012,0.203
2091,Italy,RD&D per thousand units of GDP,1997,0.203
2812,Mexico,RD&D per thousand units of GDP,2013,0.203
3925,Sweden,RD&D per thousand units of GDP,1998,0.204
396,Belgium,RD&D per thousand units of GDP,1994,0.204
401,Belgium,RD&D per thousand units of GDP,1999,0.205
121,Australia,RD&D per thousand units of GDP,2001,0.206
119,Australia,RD&D per thousand units of GDP,1999,0.207
397,Belgium,RD&D per thousand units of GDP,1995,0.208
2097,Italy,RD&D per thousand units of GDP,2003,0.209
1523,Germany,RD&D per thousand units of GDP,1993,0.209
3923,Sweden,RD&D per thousand units of GDP,1996,0.211
4361,United Kingdom,RD&D per thousand units of GDP,2011,0.211
2094,Italy,RD&D per thousand units of GDP,2000,0.212
1522,Germany,RD&D per thousand units of GDP,1992,0.213
941,Denmark,RD&D per thousand units of GDP,1975,0.215
3777,Spain,RD&D per thousand units of GDP,1991,0.216
1659,Greece,RD&D per thousand units of GDP,1988,0.216
2095,Italy,RD&D per thousand units of GDP,2001,0.217
3488,Portugal,RD&D per thousand units of GDP,1984,0.218
3771,Spain,RD&D per thousand units of GDP,1985,0.218
833,Czech Republic,RD&D per thousand units of GDP,2008,0.218
2945,Netherlands,RD&D per thousand units of GDP,2005,0.219
2101,Italy,RD&D per thousand units of GDP,2007,0.219
115,Australia,RD&D per thousand units of GDP,1995,0.22
4341,United Kingdom,RD&D per thousand units of GDP,1991,0.221
4491,United States,RD&D per thousand units of GDP,2000,0.221
2096,Italy,RD&D per thousand units of GDP,2002,0.222
1960,Ireland,RD&D per thousand units of GDP,2007,0.222
2103,Italy,RD&D per thousand units of GDP,2009,0.222
942,Denmark,RD&D per thousand units of GDP,1976,0.223
4489,United States,RD&D per thousand units of GDP,1998,0.223
963,Denmark,RD&D per thousand units of GDP,1997,0.225
3901,Sweden,RD&D per thousand units of GDP,1974,0.227
2090,Italy,RD&D per thousand units of GDP,1996,0.227
109,Australia,RD&D per thousand units of GDP,1989,0.227
4363,United Kingdom,RD&D per thousand units of GDP,2013,0.228
2946,Netherlands,RD&D per thousand units of GDP,2006,0.228
2948,Netherlands,RD&D per thousand units of GDP,2008,0.228
3661,Slovak Republic,RD&D per thousand units of GDP,2016,0.228
4497,United States,RD&D per thousand units of GDP,2006,0.228
3924,Sweden,RD&D per thousand units of GDP,1997,0.228
2954,Netherlands,RD&D per thousand units of GDP,2014,0.228
4488,United States,RD&D per thousand units of GDP,1997,0.229
1968,Ireland,RD&D per thousand units of GDP,2015,0.23
970,Denmark,RD&D per thousand units of GDP,2004,0.23
2102,Italy,RD&D per thousand units of GDP,2008,0.231
839,Czech Republic,RD&D per thousand units of GDP,2014,0.231
3377,Poland,RD&D per thousand units of GDP,2014,0.232
1828,Hungary,RD&D per thousand units of GDP,2016,0.232
2951,Netherlands,RD&D per thousand units of GDP,2011,0.232
2100,Italy,RD&D per thousand units of GDP,2006,0.234
125,Australia,RD&D per thousand units of GDP,2005,0.234
688,Canada,RD&D per thousand units of GDP,2004,0.235
961,Denmark,RD&D per thousand units of GDP,1995,0.236
113,Australia,RD&D per thousand units of GDP,1993,0.237
1963,Ireland,RD&D per thousand units of GDP,2010,0.237
3225,Norway,RD&D per thousand units of GDP,2003,0.237
4495,United States,RD&D per thousand units of GDP,2004,0.237
4490,United States,RD&D per thousand units of GDP,1999,0.238
3763,Spain,RD&D per thousand units of GDP,1977,0.238
3922,Sweden,RD&D per thousand units of GDP,1995,0.238
967,Denmark,RD&D per thousand units of GDP,2001,0.239
3653,Slovak Republic,RD&D per thousand units of GDP,2008,0.239
3220,Norway,RD&D per thousand units of GDP,1998,0.239
4494,United States,RD&D per thousand units of GDP,2003,0.24
684,Canada,RD&D per thousand units of GDP,2000,0.241
1540,Germany,RD&D per thousand units of GDP,2010,0.241
269,Austria,RD&D per thousand units of GDP,2008,0.242
2956,Netherlands,RD&D per thousand units of GDP,2016,0.243
4366,United Kingdom,RD&D per thousand units of GDP,2016,0.243
3524,Portugal,RD&D per thousand units of GDP,2020,0.244
840,Czech Republic,RD&D per thousand units of GDP,2015,0.244
399,Belgium,RD&D per thousand units of GDP,1997,0.244
1539,Germany,RD&D per thousand units of GDP,2009,0.244
126,Australia,RD&D per thousand units of GDP,2006,0.245
2536,Lithuania,RD&D per thousand units of GDP,2019,0.245
834,Czech Republic,RD&D per thousand units of GDP,2009,0.245
2088,Italy,RD&D per thousand units of GDP,1994,0.246
3223,Norway,RD&D per thousand units of GDP,2001,0.246
3222,Norway,RD&D per thousand units of GDP,2000,0.246
2089,Italy,RD&D per thousand units of GDP,1995,0.247
3219,Norway,RD&D per thousand units of GDP,1997,0.247
683,Canada,RD&D per thousand units of GDP,1999,0.247
966,Denmark,RD&D per thousand units of GDP,2000,0.247
3523,Portugal,RD&D per thousand units of GDP,2019,0.249
2111,Italy,RD&D per thousand units of GDP,2017,0.249
2943,Netherlands,RD&D per thousand units of GDP,2003,0.25
956,Denmark,RD&D per thousand units of GDP,1990,0.251
2110,Italy,RD&D per thousand units of GDP,2016,0.251
965,Denmark,RD&D per thousand units of GDP,1999,0.252
3224,Norway,RD&D per thousand units of GDP,2002,0.252
4496,United States,RD&D per thousand units of GDP,2005,0.253
3934,Sweden,RD&D per thousand units of GDP,2007,0.253
3375,Poland,RD&D per thousand units of GDP,2012,0.254
2112,Italy,RD&D per thousand units of GDP,2018,0.255
685,Canada,RD&D per thousand units of GDP,2001,0.256
3933,Sweden,RD&D per thousand units of GDP,2006,0.257
1542,Germany,RD&D per thousand units of GDP,2012,0.257
3797,Spain,RD&D per thousand units of GDP,2011,0.258
105,Australia,RD&D per thousand units of GDP,1985,0.26
1932,Ireland,RD&D per thousand units of GDP,1979,0.26
4493,United States,RD&D per thousand units of GDP,2002,0.26
3926,Sweden,RD&D per thousand units of GDP,1999,0.261
960,Denmark,RD&D per thousand units of GDP,1994,0.261
127,Australia,RD&D per thousand units of GDP,2007,0.262
398,Belgium,RD&D per thousand units of GDP,1996,0.263
838,Czech Republic,RD&D per thousand units of GDP,2013,0.263
3376,Poland,RD&D per thousand units of GDP,2013,0.265
1541,Germany,RD&D per thousand units of GDP,2011,0.265
3372,Poland,RD&D per thousand units of GDP,2009,0.265
128,Australia,RD&D per thousand units of GDP,2008,0.265
2087,Italy,RD&D per thousand units of GDP,1993,0.265
682,Canada,RD&D per thousand units of GDP,1998,0.265
3226,Norway,RD&D per thousand units of GDP,2004,0.266
4487,United States,RD&D per thousand units of GDP,1996,0.266
4492,United States,RD&D per thousand units of GDP,2001,0.266
964,Denmark,RD&D per thousand units of GDP,1998,0.267
3659,Slovak Republic,RD&D per thousand units of GDP,2014,0.267
117,Australia,RD&D per thousand units of GDP,1997,0.268
2955,Netherlands,RD&D per thousand units of GDP,2015,0.268
3927,Sweden,RD&D per thousand units of GDP,2000,0.269
686,Canada,RD&D per thousand units of GDP,2002,0.269
2957,Netherlands,RD&D per thousand units of GDP,2017,0.27
4340,United Kingdom,RD&D per thousand units of GDP,1990,0.271
3218,Norway,RD&D per thousand units of GDP,1996,0.273
409,Belgium,RD&D per thousand units of GDP,2007,0.274
100,Australia,RD&D per thousand units of GDP,1980,0.274
3059,New Zealand,RD&D per thousand units of GDP,1978,0.274
984,Denmark,RD&D per thousand units of GDP,2018,0.275
1935,Ireland,RD&D per thousand units of GDP,1982,0.276
3935,Sweden,RD&D per thousand units of GDP,2008,0.277
3227,Norway,RD&D per thousand units of GDP,2005,0.278
1521,Germany,RD&D per thousand units of GDP,1991,0.278
3654,Slovak Republic,RD&D per thousand units of GDP,2009,0.279
2942,Netherlands,RD&D per thousand units of GDP,2002,0.28
4498,United States,RD&D per thousand units of GDP,2007,0.28
2940,Netherlands,RD&D per thousand units of GDP,2000,0.28
2953,Netherlands,RD&D per thousand units of GDP,2013,0.281
391,Belgium,RD&D per thousand units of GDP,1989,0.282
3655,Slovak Republic,RD&D per thousand units of GDP,2010,0.283
1543,Germany,RD&D per thousand units of GDP,2013,0.287
1390,France,RD&D per thousand units of GDP,2001,0.287
985,Denmark,RD&D per thousand units of GDP,2019,0.289
983,Denmark,RD&D per thousand units of GDP,2017,0.289
1544,Germany,RD&D per thousand units of GDP,2014,0.289
687,Canada,RD&D per thousand units of GDP,2003,0.29
2104,Italy,RD&D per thousand units of GDP,2010,0.29
3764,Spain,RD&D per thousand units of GDP,1978,0.292
681,Canada,RD&D per thousand units of GDP,1997,0.293
957,Denmark,RD&D per thousand units of GDP,1991,0.294
4075,Switzerland,RD&D per thousand units of GDP,2007,0.294
3221,Norway,RD&D per thousand units of GDP,1999,0.294
2109,Italy,RD&D per thousand units of GDP,2015,0.294
836,Czech Republic,RD&D per thousand units of GDP,2011,0.297
837,Czech Republic,RD&D per thousand units of GDP,2012,0.297
4073,Switzerland,RD&D per thousand units of GDP,2005,0.298
4499,United States,RD&D per thousand units of GDP,2008,0.298
1546,Germany,RD&D per thousand units of GDP,2016,0.298
1520,Germany,RD&D per thousand units of GDP,1990,0.299
1545,Germany,RD&D per thousand units of GDP,2015,0.3
946,Denmark,RD&D per thousand units of GDP,1980,0.3
4074,Switzerland,RD&D per thousand units of GDP,2006,0.3
2952,Netherlands,RD&D per thousand units of GDP,2012,0.302
3230,Norway,RD&D per thousand units of GDP,2008,0.302
400,Belgium,RD&D per thousand units of GDP,1998,0.303
1933,Ireland,RD&D per thousand units of GDP,1980,0.304
1519,Germany,RD&D per thousand units of GDP,1989,0.304
3761,Spain,RD&D per thousand units of GDP,1975,0.304
3762,Spain,RD&D per thousand units of GDP,1976,0.305
2958,Netherlands,RD&D per thousand units of GDP,2018,0.305
3928,Sweden,RD&D per thousand units of GDP,2001,0.305
101,Australia,RD&D per thousand units of GDP,1981,0.311
3760,Spain,RD&D per thousand units of GDP,1974,0.311
3228,Norway,RD&D per thousand units of GDP,2006,0.311
242,Austria,RD&D per thousand units of GDP,1981,0.311
244,Austria,RD&D per thousand units of GDP,1983,0.311
4078,Switzerland,RD&D per thousand units of GDP,2010,0.314
3521,Portugal,RD&D per thousand units of GDP,2017,0.314
3520,Portugal,RD&D per thousand units of GDP,2016,0.315
246,Austria,RD&D per thousand units of GDP,1985,0.315
4486,United States,RD&D per thousand units of GDP,1995,0.315
1548,Germany,RD&D per thousand units of GDP,2018,0.315
3217,Norway,RD&D per thousand units of GDP,1995,0.316
4367,United Kingdom,RD&D per thousand units of GDP,2017,0.316
4484,United States,RD&D per thousand units of GDP,1993,0.317
4501,United States,RD&D per thousand units of GDP,2010,0.318
240,Austria,RD&D per thousand units of GDP,1979,0.318
841,Czech Republic,RD&D per thousand units of GDP,2016,0.318
4360,United Kingdom,RD&D per thousand units of GDP,2010,0.318
1961,Ireland,RD&D per thousand units of GDP,2008,0.32
4072,Switzerland,RD&D per thousand units of GDP,2004,0.32
270,Austria,RD&D per thousand units of GDP,2009,0.32
238,Austria,RD&D per thousand units of GDP,1977,0.321
1934,Ireland,RD&D per thousand units of GDP,1981,0.322
3930,Sweden,RD&D per thousand units of GDP,2003,0.322
3522,Portugal,RD&D per thousand units of GDP,2018,0.323
3768,Spain,RD&D per thousand units of GDP,1982,0.324
4076,Switzerland,RD&D per thousand units of GDP,2008,0.324
959,Denmark,RD&D per thousand units of GDP,1993,0.325
700,Canada,RD&D per thousand units of GDP,2016,0.326
2105,Italy,RD&D per thousand units of GDP,2011,0.326
3931,Sweden,RD&D per thousand units of GDP,2004,0.327
4508,United States,RD&D per thousand units of GDP,2017,0.327
1547,Germany,RD&D per thousand units of GDP,2017,0.327
3929,Sweden,RD&D per thousand units of GDP,2002,0.328
2107,Italy,RD&D per thousand units of GDP,2013,0.328
943,Denmark,RD&D per thousand units of GDP,1977,0.328
3657,Slovak Republic,RD&D per thousand units of GDP,2012,0.329
3939,Sweden,RD&D per thousand units of GDP,2012,0.329
971,Denmark,RD&D per thousand units of GDP,2005,0.329
3207,Norway,RD&D per thousand units of GDP,1985,0.33
2941,Netherlands,RD&D per thousand units of GDP,2001,0.33
3765,Spain,RD&D per thousand units of GDP,1979,0.331
4506,United States,RD&D per thousand units of GDP,2015,0.332
2949,Netherlands,RD&D per thousand units of GDP,2009,0.332
4507,United States,RD&D per thousand units of GDP,2016,0.333
3519,Portugal,RD&D per thousand units of GDP,2015,0.333
3920,Sweden,RD&D per thousand units of GDP,1993,0.334
4483,United States,RD&D per thousand units of GDP,1992,0.334
1962,Ireland,RD&D per thousand units of GDP,2009,0.334
243,Austria,RD&D per thousand units of GDP,1982,0.335
2939,Netherlands,RD&D per thousand units of GDP,1999,0.335
4339,United Kingdom,RD&D per thousand units of GDP,1989,0.335
4485,United States,RD&D per thousand units of GDP,1994,0.335
958,Denmark,RD&D per thousand units of GDP,1992,0.336
3060,New Zealand,RD&D per thousand units of GDP,1979,0.336
241,Austria,RD&D per thousand units of GDP,1980,0.336
2947,Netherlands,RD&D per thousand units of GDP,2007,0.336
553,Brazil,RD&D per thousand units of GDP,2010,0.337
3658,Slovak Republic,RD&D per thousand units of GDP,2013,0.337
3921,Sweden,RD&D per thousand units of GDP,1994,0.338
1549,Germany,RD&D per thousand units of GDP,2019,0.339
2395,Korea,RD&D per thousand units of GDP,2019,0.339
2394,Korea,RD&D per thousand units of GDP,2018,0.34
124,Australia,RD&D per thousand units of GDP,2004,0.34
245,Austria,RD&D per thousand units of GDP,1984,0.34
130,Australia,RD&D per thousand units of GDP,2010,0.342
2108,Italy,RD&D per thousand units of GDP,2014,0.342
3918,Sweden,RD&D per thousand units of GDP,1991,0.342
842,Czech Republic,RD&D per thousand units of GDP,2017,0.342
3938,Sweden,RD&D per thousand units of GDP,2011,0.345
2106,Italy,RD&D per thousand units of GDP,2012,0.345
3229,Norway,RD&D per thousand units of GDP,2007,0.346
4368,United Kingdom,RD&D per thousand units of GDP,2018,0.346
3206,Norway,RD&D per thousand units of GDP,1984,0.347
982,Denmark,RD&D per thousand units of GDP,2016,0.349
680,Canada,RD&D per thousand units of GDP,1996,0.35
689,Canada,RD&D per thousand units of GDP,2005,0.351
4077,Switzerland,RD&D per thousand units of GDP,2009,0.352
2393,Korea,RD&D per thousand units of GDP,2017,0.352
3656,Slovak Republic,RD&D per thousand units of GDP,2011,0.352
974,Denmark,RD&D per thousand units of GDP,2008,0.352
129,Australia,RD&D per thousand units of GDP,2009,0.353
4068,Switzerland,RD&D per thousand units of GDP,2000,0.353
4504,United States,RD&D per thousand units of GDP,2013,0.353
843,Czech Republic,RD&D per thousand units of GDP,2018,0.354
2381,Korea,RD&D per thousand units of GDP,2005,0.354
2959,Netherlands,RD&D per thousand units of GDP,2019,0.354
3373,Poland,RD&D per thousand units of GDP,2010,0.355
3064,New Zealand,RD&D per thousand units of GDP,1983,0.355
2938,Netherlands,RD&D per thousand units of GDP,1998,0.355
4505,United States,RD&D per thousand units of GDP,2014,0.355
4069,Switzerland,RD&D per thousand units of GDP,2001,0.356
972,Denmark,RD&D per thousand units of GDP,2006,0.357
1238,Finland,RD&D per thousand units of GDP,1990,0.357
3209,Norway,RD&D per thousand units of GDP,1987,0.358
4509,United States,RD&D per thousand units of GDP,2018,0.359
1383,France,RD&D per thousand units of GDP,1994,0.359
419,Belgium,RD&D per thousand units of GDP,2017,0.36
3767,Spain,RD&D per thousand units of GDP,1981,0.361
3944,Sweden,RD&D per thousand units of GDP,2017,0.362
3066,New Zealand,RD&D per thousand units of GDP,1985,0.362
3946,Sweden,RD&D per thousand units of GDP,2019,0.364
4079,Switzerland,RD&D per thousand units of GDP,2011,0.365
1550,Germany,RD&D per thousand units of GDP,2020,0.365
1518,Germany,RD&D per thousand units of GDP,1988,0.366
3208,Norway,RD&D per thousand units of GDP,1986,0.367
3210,Norway,RD&D per thousand units of GDP,1988,0.368
4046,Switzerland,RD&D per thousand units of GDP,1978,0.368
2935,Netherlands,RD&D per thousand units of GDP,1995,0.368
2936,Netherlands,RD&D per thousand units of GDP,1996,0.369
2392,Korea,RD&D per thousand units of GDP,2016,0.37
4070,Switzerland,RD&D per thousand units of GDP,2002,0.371
3945,Sweden,RD&D per thousand units of GDP,2018,0.371
3940,Sweden,RD&D per thousand units of GDP,2013,0.372
701,Canada,RD&D per thousand units of GDP,2017,0.373
276,Austria,RD&D per thousand units of GDP,2015,0.373
280,Austria,RD&D per thousand units of GDP,2019,0.375
4510,United States,RD&D per thousand units of GDP,2019,0.376
4071,Switzerland,RD&D per thousand units of GDP,2003,0.376
420,Belgium,RD&D per thousand units of GDP,2018,0.376
278,Austria,RD&D per thousand units of GDP,2017,0.377
273,Austria,RD&D per thousand units of GDP,2012,0.377
4080,Switzerland,RD&D per thousand units of GDP,2012,0.378
1386,France,RD&D per thousand units of GDP,1997,0.378
3766,Spain,RD&D per thousand units of GDP,1980,0.379
4081,Switzerland,RD&D per thousand units of GDP,2013,0.379
4503,United States,RD&D per thousand units of GDP,2012,0.381
3917,Sweden,RD&D per thousand units of GDP,1990,0.381
4480,United States,RD&D per thousand units of GDP,1989,0.383
274,Austria,RD&D per thousand units of GDP,2013,0.384
3205,Norway,RD&D per thousand units of GDP,1983,0.384
1385,France,RD&D per thousand units of GDP,1996,0.386
679,Canada,RD&D per thousand units of GDP,1995,0.387
3943,Sweden,RD&D per thousand units of GDP,2016,0.387
417,Belgium,RD&D per thousand units of GDP,2015,0.387
3941,Sweden,RD&D per thousand units of GDP,2014,0.388
3374,Poland,RD&D per thousand units of GDP,2011,0.388
1251,Finland,RD&D per thousand units of GDP,2003,0.389
272,Austria,RD&D per thousand units of GDP,2011,0.39
1387,France,RD&D per thousand units of GDP,1998,0.39
2384,Korea,RD&D per thousand units of GDP,2008,0.391
3942,Sweden,RD&D per thousand units of GDP,2015,0.392
279,Austria,RD&D per thousand units of GDP,2018,0.393
418,Belgium,RD&D per thousand units of GDP,2016,0.393
1381,France,RD&D per thousand units of GDP,1992,0.393
1382,France,RD&D per thousand units of GDP,1993,0.393
131,Australia,RD&D per thousand units of GDP,2011,0.394
277,Austria,RD&D per thousand units of GDP,2016,0.394
2937,Netherlands,RD&D per thousand units of GDP,1997,0.396
1389,France,RD&D per thousand units of GDP,2000,0.397
3216,Norway,RD&D per thousand units of GDP,1994,0.397
3065,New Zealand,RD&D per thousand units of GDP,1984,0.398
239,Austria,RD&D per thousand units of GDP,1978,0.398
4067,Switzerland,RD&D per thousand units of GDP,1999,0.401
413,Belgium,RD&D per thousand units of GDP,2011,0.401
691,Canada,RD&D per thousand units of GDP,2007,0.402
3063,New Zealand,RD&D per thousand units of GDP,1982,0.402
2391,Korea,RD&D per thousand units of GDP,2015,0.403
2380,Korea,RD&D per thousand units of GDP,2004,0.403
559,Brazil,RD&D per thousand units of GDP,2016,0.403
690,Canada,RD&D per thousand units of GDP,2006,0.405
678,Canada,RD&D per thousand units of GDP,1994,0.406
4478,United States,RD&D per thousand units of GDP,1987,0.407
1817,Hungary,RD&D per thousand units of GDP,2005,0.408
271,Austria,RD&D per thousand units of GDP,2010,0.409
4369,United Kingdom,RD&D per thousand units of GDP,2019,0.409
944,Denmark,RD&D per thousand units of GDP,1978,0.41
4502,United States,RD&D per thousand units of GDP,2011,0.41
692,Canada,RD&D per thousand units of GDP,2008,0.411
1384,France,RD&D per thousand units of GDP,1995,0.412
4479,United States,RD&D per thousand units of GDP,1988,0.413
416,Belgium,RD&D per thousand units of GDP,2014,0.414
4066,Switzerland,RD&D per thousand units of GDP,1998,0.414
1239,Finland,RD&D per thousand units of GDP,1991,0.415
845,Czech Republic,RD&D per thousand units of GDP,2020,0.416
3916,Sweden,RD&D per thousand units of GDP,1989,0.417
554,Brazil,RD&D per thousand units of GDP,2011,0.417
3914,Sweden,RD&D per thousand units of GDP,1987,0.418
4481,United States,RD&D per thousand units of GDP,1990,0.418
4511,United States,RD&D per thousand units of GDP,2020,0.419
3915,Sweden,RD&D per thousand units of GDP,1988,0.42
4052,Switzerland,RD&D per thousand units of GDP,1984,0.421
3937,Sweden,RD&D per thousand units of GDP,2010,0.421
4482,United States,RD&D per thousand units of GDP,1991,0.422
677,Canada,RD&D per thousand units of GDP,1993,0.423
4050,Switzerland,RD&D per thousand units of GDP,1982,0.424
390,Belgium,RD&D per thousand units of GDP,1988,0.424
1380,France,RD&D per thousand units of GDP,1991,0.427
3215,Norway,RD&D per thousand units of GDP,1993,0.428
973,Denmark,RD&D per thousand units of GDP,2007,0.428
275,Austria,RD&D per thousand units of GDP,2014,0.429
3919,Sweden,RD&D per thousand units of GDP,1992,0.431
1517,Germany,RD&D per thousand units of GDP,1987,0.431
558,Brazil,RD&D per thousand units of GDP,2015,0.431
3936,Sweden,RD&D per thousand units of GDP,2009,0.431
3212,Norway,RD&D per thousand units of GDP,1990,0.431
2390,Korea,RD&D per thousand units of GDP,2014,0.432
1249,Finland,RD&D per thousand units of GDP,2001,0.434
2387,Korea,RD&D per thousand units of GDP,2011,0.434
4053,Switzerland,RD&D per thousand units of GDP,1985,0.436
1379,France,RD&D per thousand units of GDP,1990,0.437
2537,Lithuania,RD&D per thousand units of GDP,2020,0.439
1388,France,RD&D per thousand units of GDP,1999,0.441
975,Denmark,RD&D per thousand units of GDP,2009,0.442
3211,Norway,RD&D per thousand units of GDP,1989,0.442
4049,Switzerland,RD&D per thousand units of GDP,1981,0.443
2382,Korea,RD&D per thousand units of GDP,2006,0.443
4051,Switzerland,RD&D per thousand units of GDP,1983,0.444
4338,United Kingdom,RD&D per thousand units of GDP,1988,0.446
699,Canada,RD&D per thousand units of GDP,2015,0.449
4054,Switzerland,RD&D per thousand units of GDP,1986,0.45
1240,Finland,RD&D per thousand units of GDP,1992,0.451
4056,Switzerland,RD&D per thousand units of GDP,1988,0.452
4055,Switzerland,RD&D per thousand units of GDP,1987,0.453
103,Australia,RD&D per thousand units of GDP,1983,0.453
4082,Switzerland,RD&D per thousand units of GDP,2014,0.455
986,Denmark,RD&D per thousand units of GDP,2020,0.455
3947,Sweden,RD&D per thousand units of GDP,2020,0.456
3062,New Zealand,RD&D per thousand units of GDP,1981,0.459
2385,Korea,RD&D per thousand units of GDP,2009,0.46
4065,Switzerland,RD&D per thousand units of GDP,1997,0.46
560,Brazil,RD&D per thousand units of GDP,2017,0.461
1241,Finland,RD&D per thousand units of GDP,1993,0.464
703,Canada,RD&D per thousand units of GDP,2019,0.465
2389,Korea,RD&D per thousand units of GDP,2013,0.467
3213,Norway,RD&D per thousand units of GDP,1991,0.467
4047,Switzerland,RD&D per thousand units of GDP,1979,0.467
2386,Korea,RD&D per thousand units of GDP,2010,0.469
698,Canada,RD&D per thousand units of GDP,2014,0.469
2932,Netherlands,RD&D per thousand units of GDP,1992,0.47
4337,United Kingdom,RD&D per thousand units of GDP,1987,0.471
4048,Switzerland,RD&D per thousand units of GDP,1980,0.474
2928,Netherlands,RD&D per thousand units of GDP,1988,0.474
4477,United States,RD&D per thousand units of GDP,1986,0.474
3204,Norway,RD&D per thousand units of GDP,1982,0.475
1250,Finland,RD&D per thousand units of GDP,2002,0.475
1395,France,RD&D per thousand units of GDP,2006,0.475
1378,France,RD&D per thousand units of GDP,1989,0.477
1253,Finland,RD&D per thousand units of GDP,2005,0.478
1248,Finland,RD&D per thousand units of GDP,2000,0.48
2388,Korea,RD&D per thousand units of GDP,2012,0.481
1818,Hungary,RD&D per thousand units of GDP,2006,0.481
3214,Norway,RD&D per thousand units of GDP,1992,0.482
4057,Switzerland,RD&D per thousand units of GDP,1989,0.485
1396,France,RD&D per thousand units of GDP,2007,0.486
2252,Japan,RD&D per thousand units of GDP,2017,0.488
1394,France,RD&D per thousand units of GDP,2005,0.489
1118,Estonia,RD&D per thousand units of GDP,2011,0.489
1406,France,RD&D per thousand units of GDP,2017,0.491
4064,Switzerland,RD&D per thousand units of GDP,1996,0.491
556,Brazil,RD&D per thousand units of GDP,2013,0.492
2914,Netherlands,RD&D per thousand units of GDP,1974,0.494
1393,France,RD&D per thousand units of GDP,2004,0.494
415,Belgium,RD&D per thousand units of GDP,2013,0.496
2931,Netherlands,RD&D per thousand units of GDP,1991,0.497
2383,Korea,RD&D per thousand units of GDP,2007,0.497
3903,Sweden,RD&D per thousand units of GDP,1976,0.498
421,Belgium,RD&D per thousand units of GDP,2019,0.498
1407,France,RD&D per thousand units of GDP,2018,0.498
1405,France,RD&D per thousand units of GDP,2016,0.499
132,Australia,RD&D per thousand units of GDP,2012,0.502
945,Denmark,RD&D per thousand units of GDP,1979,0.503
1252,Finland,RD&D per thousand units of GDP,2004,0.504
4058,Switzerland,RD&D per thousand units of GDP,1990,0.507
4083,Switzerland,RD&D per thousand units of GDP,2015,0.509
2085,Italy,RD&D per thousand units of GDP,1991,0.51
1408,France,RD&D per thousand units of GDP,2019,0.51
2929,Netherlands,RD&D per thousand units of GDP,1989,0.511
676,Canada,RD&D per thousand units of GDP,1992,0.511
844,Czech Republic,RD&D per thousand units of GDP,2019,0.513
551,Brazil,RD&D per thousand units of GDP,2008,0.514
4063,Switzerland,RD&D per thousand units of GDP,1995,0.515
4059,Switzerland,RD&D per thousand units of GDP,1991,0.515
2933,Netherlands,RD&D per thousand units of GDP,1993,0.515
675,Canada,RD&D per thousand units of GDP,1991,0.517
702,Canada,RD&D per thousand units of GDP,2018,0.519
557,Brazil,RD&D per thousand units of GDP,2014,0.52
1397,France,RD&D per thousand units of GDP,2008,0.521
2251,Japan,RD&D per thousand units of GDP,2016,0.521
4465,United States,RD&D per thousand units of GDP,1974,0.523
2930,Netherlands,RD&D per thousand units of GDP,1990,0.524
1392,France,RD&D per thousand units of GDP,2003,0.528
2934,Netherlands,RD&D per thousand units of GDP,1994,0.529
1242,Finland,RD&D per thousand units of GDP,1994,0.53
1829,Hungary,RD&D per thousand units of GDP,2017,0.53
389,Belgium,RD&D per thousand units of GDP,1987,0.531
3913,Sweden,RD&D per thousand units of GDP,1986,0.532
561,Brazil,RD&D per thousand units of GDP,2018,0.533
3203,Norway,RD&D per thousand units of GDP,1981,0.534
1391,France,RD&D per thousand units of GDP,2002,0.534
4062,Switzerland,RD&D per thousand units of GDP,1994,0.535
4087,Switzerland,RD&D per thousand units of GDP,2019,0.536
1377,France,RD&D per thousand units of GDP,1988,0.54
981,Denmark,RD&D per thousand units of GDP,2015,0.541
4476,United States,RD&D per thousand units of GDP,1985,0.545
4086,Switzerland,RD&D per thousand units of GDP,2018,0.545
2927,Netherlands,RD&D per thousand units of GDP,1987,0.545
674,Canada,RD&D per thousand units of GDP,1990,0.545
414,Belgium,RD&D per thousand units of GDP,2012,0.546
2950,Netherlands,RD&D per thousand units of GDP,2010,0.548
1404,France,RD&D per thousand units of GDP,2015,0.548
1244,Finland,RD&D per thousand units of GDP,1996,0.55
673,Canada,RD&D per thousand units of GDP,1989,0.55
4061,Switzerland,RD&D per thousand units of GDP,1993,0.555
4088,Switzerland,RD&D per thousand units of GDP,2020,0.555
2071,Italy,RD&D per thousand units of GDP,1977,0.556
2072,Italy,RD&D per thousand units of GDP,1978,0.558
1399,France,RD&D per thousand units of GDP,2010,0.559
2250,Japan,RD&D per thousand units of GDP,2015,0.559
4060,Switzerland,RD&D per thousand units of GDP,1992,0.56
980,Denmark,RD&D per thousand units of GDP,2014,0.561
2209,Japan,RD&D per thousand units of GDP,1974,0.562
3061,New Zealand,RD&D per thousand units of GDP,1980,0.562
2084,Italy,RD&D per thousand units of GDP,1990,0.564
3769,Spain,RD&D per thousand units of GDP,1983,0.565
1516,Germany,RD&D per thousand units of GDP,1986,0.565
2926,Netherlands,RD&D per thousand units of GDP,1986,0.567
550,Brazil,RD&D per thousand units of GDP,2007,0.567
4475,United States,RD&D per thousand units of GDP,1984,0.567
2254,Japan,RD&D per thousand units of GDP,2019,0.568
2924,Netherlands,RD&D per thousand units of GDP,1984,0.569
1403,France,RD&D per thousand units of GDP,2014,0.569
3902,Sweden,RD&D per thousand units of GDP,1975,0.57
2669,Luxembourg,RD&D per thousand units of GDP,2011,0.571
4336,United Kingdom,RD&D per thousand units of GDP,1986,0.572
695,Canada,RD&D per thousand units of GDP,2011,0.576
4084,Switzerland,RD&D per thousand units of GDP,2016,0.577
2915,Netherlands,RD&D per thousand units of GDP,1975,0.579
4085,Switzerland,RD&D per thousand units of GDP,2017,0.582
1652,Greece,RD&D per thousand units of GDP,1981,0.583
2253,Japan,RD&D per thousand units of GDP,2018,0.583
1254,Finland,RD&D per thousand units of GDP,2006,0.584
978,Denmark,RD&D per thousand units of GDP,2012,0.587
1243,Finland,RD&D per thousand units of GDP,1995,0.59
1398,France,RD&D per thousand units of GDP,2009,0.592
2255,Japan,RD&D per thousand units of GDP,2020,0.593
2248,Japan,RD&D per thousand units of GDP,2013,0.594
1402,France,RD&D per thousand units of GDP,2013,0.6
133,Australia,RD&D per thousand units of GDP,2013,0.601
1401,France,RD&D per thousand units of GDP,2012,0.603
1267,Finland,RD&D per thousand units of GDP,2019,0.605
1400,France,RD&D per thousand units of GDP,2011,0.607
1819,Hungary,RD&D per thousand units of GDP,2007,0.612
1247,Finland,RD&D per thousand units of GDP,1999,0.613
552,Brazil,RD&D per thousand units of GDP,2009,0.617
979,Denmark,RD&D per thousand units of GDP,2013,0.618
704,Canada,RD&D per thousand units of GDP,2020,0.622
3202,Norway,RD&D per thousand units of GDP,1980,0.625
1376,France,RD&D per thousand units of GDP,1987,0.634
672,Canada,RD&D per thousand units of GDP,1988,0.635
422,Belgium,RD&D per thousand units of GDP,2020,0.635
693,Canada,RD&D per thousand units of GDP,2009,0.642
388,Belgium,RD&D per thousand units of GDP,1986,0.644
3200,Norway,RD&D per thousand units of GDP,1978,0.649
3904,Sweden,RD&D per thousand units of GDP,1977,0.649
2210,Japan,RD&D per thousand units of GDP,1975,0.657
2083,Italy,RD&D per thousand units of GDP,1989,0.662
2923,Netherlands,RD&D per thousand units of GDP,1983,0.664
2249,Japan,RD&D per thousand units of GDP,2014,0.674
977,Denmark,RD&D per thousand units of GDP,2011,0.678
4500,United States,RD&D per thousand units of GDP,2009,0.679
1246,Finland,RD&D per thousand units of GDP,1998,0.679
2211,Japan,RD&D per thousand units of GDP,1976,0.68
2922,Netherlands,RD&D per thousand units of GDP,1982,0.683
1375,France,RD&D per thousand units of GDP,1986,0.696
696,Canada,RD&D per thousand units of GDP,2012,0.697
3201,Norway,RD&D per thousand units of GDP,1979,0.699
1651,Greece,RD&D per thousand units of GDP,1980,0.7
2073,Italy,RD&D per thousand units of GDP,1979,0.7
2223,Japan,RD&D per thousand units of GDP,1988,0.703
2074,Italy,RD&D per thousand units of GDP,1980,0.703
697,Canada,RD&D per thousand units of GDP,2013,0.704
3912,Sweden,RD&D per thousand units of GDP,1985,0.705
2245,Japan,RD&D per thousand units of GDP,2010,0.707
694,Canada,RD&D per thousand units of GDP,2010,0.708
387,Belgium,RD&D per thousand units of GDP,1985,0.716
1245,Finland,RD&D per thousand units of GDP,1997,0.716
671,Canada,RD&D per thousand units of GDP,1987,0.719
4474,United States,RD&D per thousand units of GDP,1983,0.72
976,Denmark,RD&D per thousand units of GDP,2010,0.725
4466,United States,RD&D per thousand units of GDP,1975,0.727
2212,Japan,RD&D per thousand units of GDP,1977,0.732
3770,Spain,RD&D per thousand units of GDP,1984,0.737
4335,United Kingdom,RD&D per thousand units of GDP,1985,0.752
2242,Japan,RD&D per thousand units of GDP,2007,0.76
2244,Japan,RD&D per thousand units of GDP,2009,0.76
385,Belgium,RD&D per thousand units of GDP,1983,0.762
2246,Japan,RD&D per thousand units of GDP,2011,0.763
1255,Finland,RD&D per thousand units of GDP,2007,0.764
2243,Japan,RD&D per thousand units of GDP,2008,0.772
660,Canada,RD&D per thousand units of GDP,1976,0.778
2247,Japan,RD&D per thousand units of GDP,2012,0.78
659,Canada,RD&D per thousand units of GDP,1975,0.782
3911,Sweden,RD&D per thousand units of GDP,1984,0.783
3905,Sweden,RD&D per thousand units of GDP,1978,0.784
2918,Netherlands,RD&D per thousand units of GDP,1978,0.786
2213,Japan,RD&D per thousand units of GDP,1978,0.787
1515,Germany,RD&D per thousand units of GDP,1985,0.788
386,Belgium,RD&D per thousand units of GDP,1984,0.79
2226,Japan,RD&D per thousand units of GDP,1991,0.793
2227,Japan,RD&D per thousand units of GDP,1992,0.794
2925,Netherlands,RD&D per thousand units of GDP,1985,0.794
2917,Netherlands,RD&D per thousand units of GDP,1977,0.796
2916,Netherlands,RD&D per thousand units of GDP,1976,0.797
2241,Japan,RD&D per thousand units of GDP,2006,0.8
4473,United States,RD&D per thousand units of GDP,1982,0.807
2240,Japan,RD&D per thousand units of GDP,2005,0.809
2225,Japan,RD&D per thousand units of GDP,1990,0.811
4467,United States,RD&D per thousand units of GDP,1976,0.811
2228,Japan,RD&D per thousand units of GDP,1993,0.817
2920,Netherlands,RD&D per thousand units of GDP,1980,0.817
1374,France,RD&D per thousand units of GDP,1985,0.819
2232,Japan,RD&D per thousand units of GDP,1997,0.819
1504,Germany,RD&D per thousand units of GDP,1974,0.819
4327,United Kingdom,RD&D per thousand units of GDP,1977,0.821
2239,Japan,RD&D per thousand units of GDP,2004,0.823
4334,United Kingdom,RD&D per thousand units of GDP,1984,0.823
2919,Netherlands,RD&D per thousand units of GDP,1979,0.823
661,Canada,RD&D per thousand units of GDP,1977,0.824
2235,Japan,RD&D per thousand units of GDP,2000,0.828
1266,Finland,RD&D per thousand units of GDP,2018,0.828
2236,Japan,RD&D per thousand units of GDP,2001,0.829
2234,Japan,RD&D per thousand units of GDP,1999,0.834
3235,Norway,RD&D per thousand units of GDP,2013,0.834
384,Belgium,RD&D per thousand units of GDP,1982,0.835
2233,Japan,RD&D per thousand units of GDP,1998,0.837
380,Belgium,RD&D per thousand units of GDP,1978,0.84
1514,Germany,RD&D per thousand units of GDP,1984,0.847
2921,Netherlands,RD&D per thousand units of GDP,1981,0.85
3240,Norway,RD&D per thousand units of GDP,2018,0.852
658,Canada,RD&D per thousand units of GDP,1974,0.854
1820,Hungary,RD&D per thousand units of GDP,2008,0.861
664,Canada,RD&D per thousand units of GDP,1980,0.865
2229,Japan,RD&D per thousand units of GDP,1994,0.865
2081,Italy,RD&D per thousand units of GDP,1987,0.869
1256,Finland,RD&D per thousand units of GDP,2008,0.869
2230,Japan,RD&D per thousand units of GDP,1995,0.869
2082,Italy,RD&D per thousand units of GDP,1988,0.871
1824,Hungary,RD&D per thousand units of GDP,2012,0.872
381,Belgium,RD&D per thousand units of GDP,1979,0.872
2231,Japan,RD&D per thousand units of GDP,1996,0.873
1264,Finland,RD&D per thousand units of GDP,2016,0.874
2214,Japan,RD&D per thousand units of GDP,1979,0.88
1821,Hungary,RD&D per thousand units of GDP,2009,0.887
1513,Germany,RD&D per thousand units of GDP,1983,0.889
2224,Japan,RD&D per thousand units of GDP,1989,0.891
1822,Hungary,RD&D per thousand units of GDP,2010,0.891
4332,United Kingdom,RD&D per thousand units of GDP,1982,0.893
2076,Italy,RD&D per thousand units of GDP,1982,0.896
1823,Hungary,RD&D per thousand units of GDP,2011,0.9
2238,Japan,RD&D per thousand units of GDP,2003,0.902
383,Belgium,RD&D per thousand units of GDP,1981,0.91
1506,Germany,RD&D per thousand units of GDP,1976,0.91
1124,Estonia,RD&D per thousand units of GDP,2017,0.916
4329,United Kingdom,RD&D per thousand units of GDP,1979,0.918
2222,Japan,RD&D per thousand units of GDP,1987,0.92
3910,Sweden,RD&D per thousand units of GDP,1983,0.926
4330,United Kingdom,RD&D per thousand units of GDP,1980,0.926
670,Canada,RD&D per thousand units of GDP,1986,0.927
663,Canada,RD&D per thousand units of GDP,1979,0.941
3907,Sweden,RD&D per thousand units of GDP,1980,0.942
4333,United Kingdom,RD&D per thousand units of GDP,1983,0.949
1265,Finland,RD&D per thousand units of GDP,2017,0.954
3238,Norway,RD&D per thousand units of GDP,2016,0.957
4328,United Kingdom,RD&D per thousand units of GDP,1978,0.961
3239,Norway,RD&D per thousand units of GDP,2017,0.976
665,Canada,RD&D per thousand units of GDP,1981,0.984
669,Canada,RD&D per thousand units of GDP,1985,0.985
1505,Germany,RD&D per thousand units of GDP,1975,0.989
3234,Norway,RD&D per thousand units of GDP,2012,0.995
3906,Sweden,RD&D per thousand units of GDP,1979,0.999
2237,Japan,RD&D per thousand units of GDP,2002,1.001
1507,Germany,RD&D per thousand units of GDP,1977,1.002
4331,United Kingdom,RD&D per thousand units of GDP,1981,1.003
4325,United Kingdom,RD&D per thousand units of GDP,1975,1.015
4326,United Kingdom,RD&D per thousand units of GDP,1976,1.022
662,Canada,RD&D per thousand units of GDP,1978,1.023
4472,United States,RD&D per thousand units of GDP,1981,1.029
4324,United Kingdom,RD&D per thousand units of GDP,1974,1.033
3231,Norway,RD&D per thousand units of GDP,2009,1.035
2077,Italy,RD&D per thousand units of GDP,1983,1.042
382,Belgium,RD&D per thousand units of GDP,1980,1.043
1508,Germany,RD&D per thousand units of GDP,1978,1.051
1262,Finland,RD&D per thousand units of GDP,2014,1.052
3909,Sweden,RD&D per thousand units of GDP,1982,1.058
666,Canada,RD&D per thousand units of GDP,1982,1.061
1510,Germany,RD&D per thousand units of GDP,1980,1.093
379,Belgium,RD&D per thousand units of GDP,1977,1.098
1509,Germany,RD&D per thousand units of GDP,1979,1.099
3242,Norway,RD&D per thousand units of GDP,2020,1.105
2080,Italy,RD&D per thousand units of GDP,1986,1.106
2221,Japan,RD&D per thousand units of GDP,1986,1.111
2219,Japan,RD&D per thousand units of GDP,1984,1.113
2220,Japan,RD&D per thousand units of GDP,1985,1.115
668,Canada,RD&D per thousand units of GDP,1984,1.122
3237,Norway,RD&D per thousand units of GDP,2015,1.125
667,Canada,RD&D per thousand units of GDP,1983,1.125
1263,Finland,RD&D per thousand units of GDP,2015,1.13
1261,Finland,RD&D per thousand units of GDP,2013,1.144
1260,Finland,RD&D per thousand units of GDP,2012,1.157
1511,Germany,RD&D per thousand units of GDP,1981,1.16
2218,Japan,RD&D per thousand units of GDP,1983,1.163
3233,Norway,RD&D per thousand units of GDP,2011,1.166
2075,Italy,RD&D per thousand units of GDP,1981,1.174
4468,United States,RD&D per thousand units of GDP,1977,1.183
2217,Japan,RD&D per thousand units of GDP,1982,1.197
2079,Italy,RD&D per thousand units of GDP,1985,1.205
2215,Japan,RD&D per thousand units of GDP,1980,1.208
3236,Norway,RD&D per thousand units of GDP,2014,1.224
2216,Japan,RD&D per thousand units of GDP,1981,1.232
376,Belgium,RD&D per thousand units of GDP,1974,1.262
1257,Finland,RD&D per thousand units of GDP,2009,1.284
1259,Finland,RD&D per thousand units of GDP,2011,1.286
4469,United States,RD&D per thousand units of GDP,1978,1.302
378,Belgium,RD&D per thousand units of GDP,1976,1.329
2078,Italy,RD&D per thousand units of GDP,1984,1.332
3908,Sweden,RD&D per thousand units of GDP,1981,1.333
4471,United States,RD&D per thousand units of GDP,1980,1.37
4470,United States,RD&D per thousand units of GDP,1979,1.386
3232,Norway,RD&D per thousand units of GDP,2010,1.403
1258,Finland,RD&D per thousand units of GDP,2010,1.43
377,Belgium,RD&D per thousand units of GDP,1975,1.456
1512,Germany,RD&D per thousand units of GDP,1982,1.478
2670,Luxembourg,RD&D per thousand units of GDP,2012,1.62
3241,Norway,RD&D per thousand units of GDP,2019,1.685
1122,Estonia,RD&D per thousand units of GDP,2015,1.902
1120,Estonia,RD&D per thousand units of GDP,2013,2.084
1121,Estonia,RD&D per thousand units of GDP,2014,2.178
1123,Estonia,RD&D per thousand units of GDP,2016,2.581
