Country,Currency,Economic Indicators,Attribute,Value
Austria,National currency (nominal),Energy efficiency ,2013,..
Austria,National currency (nominal),Energy efficiency ,2014,..
Austria,National currency (nominal),Energy efficiency ,2015,..
Austria,National currency (nominal),Energy efficiency ,2016,..
Austria,National currency (nominal),Energy efficiency ,2017,..
Austria,National currency (nominal),Energy efficiency ,2018,..
Austria,National currency (nominal),Energy efficiency ,2019,..
Austria,National currency (nominal),Energy efficiency ,2020 Estimated,..
Austria,National currency (nominal),Fossil fuels,2013,..
Austria,National currency (nominal),Fossil fuels,2014,..
Austria,National currency (nominal),Fossil fuels,2015,..
Austria,National currency (nominal),Fossil fuels,2016,..
Austria,National currency (nominal),Fossil fuels,2017,..
Austria,National currency (nominal),Fossil fuels,2018,..
Austria,National currency (nominal),Fossil fuels,2019,..
Austria,National currency (nominal),Fossil fuels,2020 Estimated,..
Austria,National currency (nominal),Renewables,2013,..
Austria,National currency (nominal),Renewables,2014,..
Austria,National currency (nominal),Renewables,2015,..
Austria,National currency (nominal),Renewables,2016,..
Austria,National currency (nominal),Renewables,2017,..
Austria,National currency (nominal),Renewables,2018,..
Austria,National currency (nominal),Renewables,2019,..
Austria,National currency (nominal),Renewables,2020 Estimated,..
Austria,National currency (nominal),Nuclear ,2013,..
Austria,National currency (nominal),Nuclear ,2014,..
Austria,National currency (nominal),Nuclear ,2015,..
Austria,National currency (nominal),Nuclear ,2016,..
Austria,National currency (nominal),Nuclear ,2017,..
Austria,National currency (nominal),Nuclear ,2018,..
Austria,National currency (nominal),Nuclear ,2019,..
Austria,National currency (nominal),Nuclear ,2020 Estimated,..
Austria,National currency (nominal),Hydrogen and fuel cells ,2013,..
Austria,National currency (nominal),Hydrogen and fuel cells ,2014,..
Austria,National currency (nominal),Hydrogen and fuel cells ,2015,..
Austria,National currency (nominal),Hydrogen and fuel cells ,2016,..
Austria,National currency (nominal),Hydrogen and fuel cells ,2017,..
Austria,National currency (nominal),Hydrogen and fuel cells ,2018,..
Austria,National currency (nominal),Hydrogen and fuel cells ,2019,..
Austria,National currency (nominal),Hydrogen and fuel cells ,2020 Estimated,..
Austria,National currency (nominal),Other power and storage technologies,2013,..
Austria,National currency (nominal),Other power and storage technologies,2014,..
Austria,National currency (nominal),Other power and storage technologies,2015,..
Austria,National currency (nominal),Other power and storage technologies,2016,..
Austria,National currency (nominal),Other power and storage technologies,2017,..
Austria,National currency (nominal),Other power and storage technologies,2018,..
Austria,National currency (nominal),Other power and storage technologies,2019,..
Austria,National currency (nominal),Other power and storage technologies,2020 Estimated,..
Austria,National currency (nominal),Other cross-cutting technologies/research ,2013,..
Austria,National currency (nominal),Other cross-cutting technologies/research ,2014,..
Austria,National currency (nominal),Other cross-cutting technologies/research ,2015,..
Austria,National currency (nominal),Other cross-cutting technologies/research ,2016,..
Austria,National currency (nominal),Other cross-cutting technologies/research ,2017,..
Austria,National currency (nominal),Other cross-cutting technologies/research ,2018,..
Austria,National currency (nominal),Other cross-cutting technologies/research ,2019,..
Austria,National currency (nominal),Other cross-cutting technologies/research ,2020 Estimated,..
Austria,National currency (nominal),Unallocated ,2013,..
Austria,National currency (nominal),Unallocated ,2014,..
Austria,National currency (nominal),Unallocated ,2015,485
Austria,National currency (nominal),Unallocated ,2016,..
Austria,National currency (nominal),Unallocated ,2017,681
Austria,National currency (nominal),Unallocated ,2018,..
Austria,National currency (nominal),Unallocated ,2019,..
Austria,National currency (nominal),Unallocated ,2020 Estimated,..
Austria,National currency (nominal),Total Budget,2013,..
Austria,National currency (nominal),Total Budget,2014,..
Austria,National currency (nominal),Total Budget,2015,485
Austria,National currency (nominal),Total Budget,2016,..
Austria,National currency (nominal),Total Budget,2017,681
Austria,National currency (nominal),Total Budget,2018,..
Austria,National currency (nominal),Total Budget,2019,..
Austria,National currency (nominal),Total Budget,2020 Estimated,..
Austria,National Currency (2020 prices),Energy efficiency ,2013,..
Austria,National Currency (2020 prices),Energy efficiency ,2014,..
Austria,National Currency (2020 prices),Energy efficiency ,2015,..
Austria,National Currency (2020 prices),Energy efficiency ,2016,..
Austria,National Currency (2020 prices),Energy efficiency ,2017,..
Austria,National Currency (2020 prices),Energy efficiency ,2018,..
Austria,National Currency (2020 prices),Energy efficiency ,2019,..
Austria,National Currency (2020 prices),Energy efficiency ,2020 Estimated,..
Austria,National Currency (2020 prices),Fossil fuels,2013,..
Austria,National Currency (2020 prices),Fossil fuels,2014,..
Austria,National Currency (2020 prices),Fossil fuels,2015,..
Austria,National Currency (2020 prices),Fossil fuels,2016,..
Austria,National Currency (2020 prices),Fossil fuels,2017,..
Austria,National Currency (2020 prices),Fossil fuels,2018,..
Austria,National Currency (2020 prices),Fossil fuels,2019,..
Austria,National Currency (2020 prices),Fossil fuels,2020 Estimated,..
Austria,National Currency (2020 prices),Renewables,2013,..
Austria,National Currency (2020 prices),Renewables,2014,..
Austria,National Currency (2020 prices),Renewables,2015,..
Austria,National Currency (2020 prices),Renewables,2016,..
Austria,National Currency (2020 prices),Renewables,2017,..
Austria,National Currency (2020 prices),Renewables,2018,..
Austria,National Currency (2020 prices),Renewables,2019,..
Austria,National Currency (2020 prices),Renewables,2020 Estimated,..
Austria,National Currency (2020 prices),Nuclear ,2013,..
Austria,National Currency (2020 prices),Nuclear ,2014,..
Austria,National Currency (2020 prices),Nuclear ,2015,..
Austria,National Currency (2020 prices),Nuclear ,2016,..
Austria,National Currency (2020 prices),Nuclear ,2017,..
Austria,National Currency (2020 prices),Nuclear ,2018,..
Austria,National Currency (2020 prices),Nuclear ,2019,..
Austria,National Currency (2020 prices),Nuclear ,2020 Estimated,..
Austria,National Currency (2020 prices),Hydrogen and fuel cells ,2013,..
Austria,National Currency (2020 prices),Hydrogen and fuel cells ,2014,..
Austria,National Currency (2020 prices),Hydrogen and fuel cells ,2015,..
Austria,National Currency (2020 prices),Hydrogen and fuel cells ,2016,..
Austria,National Currency (2020 prices),Hydrogen and fuel cells ,2017,..
Austria,National Currency (2020 prices),Hydrogen and fuel cells ,2018,..
Austria,National Currency (2020 prices),Hydrogen and fuel cells ,2019,..
Austria,National Currency (2020 prices),Hydrogen and fuel cells ,2020 Estimated,..
Austria,National Currency (2020 prices),Other power and storage technologies,2013,..
Austria,National Currency (2020 prices),Other power and storage technologies,2014,..
Austria,National Currency (2020 prices),Other power and storage technologies,2015,..
Austria,National Currency (2020 prices),Other power and storage technologies,2016,..
Austria,National Currency (2020 prices),Other power and storage technologies,2017,..
Austria,National Currency (2020 prices),Other power and storage technologies,2018,..
Austria,National Currency (2020 prices),Other power and storage technologies,2019,..
Austria,National Currency (2020 prices),Other power and storage technologies,2020 Estimated,..
Austria,National Currency (2020 prices),Other cross-cutting technologies/research ,2013,..
Austria,National Currency (2020 prices),Other cross-cutting technologies/research ,2014,..
Austria,National Currency (2020 prices),Other cross-cutting technologies/research ,2015,..
Austria,National Currency (2020 prices),Other cross-cutting technologies/research ,2016,..
Austria,National Currency (2020 prices),Other cross-cutting technologies/research ,2017,..
Austria,National Currency (2020 prices),Other cross-cutting technologies/research ,2018,..
Austria,National Currency (2020 prices),Other cross-cutting technologies/research ,2019,..
Austria,National Currency (2020 prices),Other cross-cutting technologies/research ,2020 Estimated,..
Austria,National Currency (2020 prices),Unallocated ,2013,..
Austria,National Currency (2020 prices),Unallocated ,2014,..
Austria,National Currency (2020 prices),Unallocated ,2015,521.375
Austria,National Currency (2020 prices),Unallocated ,2016,..
Austria,National Currency (2020 prices),Unallocated ,2017,712.829
Austria,National Currency (2020 prices),Unallocated ,2018,..
Austria,National Currency (2020 prices),Unallocated ,2019,..
Austria,National Currency (2020 prices),Unallocated ,2020 Estimated,..
Austria,National Currency (2020 prices),Total Budget,2013,..
Austria,National Currency (2020 prices),Total Budget,2014,..
Austria,National Currency (2020 prices),Total Budget,2015,521.375
Austria,National Currency (2020 prices),Total Budget,2016,..
Austria,National Currency (2020 prices),Total Budget,2017,712.829
Austria,National Currency (2020 prices),Total Budget,2018,..
Austria,National Currency (2020 prices),Total Budget,2019,..
Austria,National Currency (2020 prices),Total Budget,2020 Estimated,..
Austria,USD (2020 prices and exchange rates),Energy efficiency,2013,..
Austria,USD (2020 prices and exchange rates),Energy efficiency,2014,..
Austria,USD (2020 prices and exchange rates),Energy efficiency,2015,..
Austria,USD (2020 prices and exchange rates),Energy efficiency,2016,..
Austria,USD (2020 prices and exchange rates),Energy efficiency,2017,..
Austria,USD (2020 prices and exchange rates),Energy efficiency,2018,..
Austria,USD (2020 prices and exchange rates),Energy efficiency,2019,..
Austria,USD (2020 prices and exchange rates),Energy efficiency,2020 Estimated,..
Austria,USD (2020 prices and exchange rates),Fossil fuels ,2013,..
Austria,USD (2020 prices and exchange rates),Fossil fuels ,2014,..
Austria,USD (2020 prices and exchange rates),Fossil fuels ,2015,..
Austria,USD (2020 prices and exchange rates),Fossil fuels ,2016,..
Austria,USD (2020 prices and exchange rates),Fossil fuels ,2017,..
Austria,USD (2020 prices and exchange rates),Fossil fuels ,2018,..
Austria,USD (2020 prices and exchange rates),Fossil fuels ,2019,..
Austria,USD (2020 prices and exchange rates),Fossil fuels ,2020 Estimated,..
Austria,USD (2020 prices and exchange rates),Renewables ,2013,..
Austria,USD (2020 prices and exchange rates),Renewables ,2014,..
Austria,USD (2020 prices and exchange rates),Renewables ,2015,..
Austria,USD (2020 prices and exchange rates),Renewables ,2016,..
Austria,USD (2020 prices and exchange rates),Renewables ,2017,..
Austria,USD (2020 prices and exchange rates),Renewables ,2018,..
Austria,USD (2020 prices and exchange rates),Renewables ,2019,..
Austria,USD (2020 prices and exchange rates),Renewables ,2020 Estimated,..
Austria,USD (2020 prices and exchange rates),Nuclear,2013,..
Austria,USD (2020 prices and exchange rates),Nuclear,2014,..
Austria,USD (2020 prices and exchange rates),Nuclear,2015,..
Austria,USD (2020 prices and exchange rates),Nuclear,2016,..
Austria,USD (2020 prices and exchange rates),Nuclear,2017,..
Austria,USD (2020 prices and exchange rates),Nuclear,2018,..
Austria,USD (2020 prices and exchange rates),Nuclear,2019,..
Austria,USD (2020 prices and exchange rates),Nuclear,2020 Estimated,..
Austria,USD (2020 prices and exchange rates),Hydrogen and fuel cells,2013,..
Austria,USD (2020 prices and exchange rates),Hydrogen and fuel cells,2014,..
Austria,USD (2020 prices and exchange rates),Hydrogen and fuel cells,2015,..
Austria,USD (2020 prices and exchange rates),Hydrogen and fuel cells,2016,..
Austria,USD (2020 prices and exchange rates),Hydrogen and fuel cells,2017,..
Austria,USD (2020 prices and exchange rates),Hydrogen and fuel cells,2018,..
Austria,USD (2020 prices and exchange rates),Hydrogen and fuel cells,2019,..
Austria,USD (2020 prices and exchange rates),Hydrogen and fuel cells,2020 Estimated,..
Austria,USD (2020 prices and exchange rates),Other power and storage technologies ,2013,..
Austria,USD (2020 prices and exchange rates),Other power and storage technologies ,2014,..
Austria,USD (2020 prices and exchange rates),Other power and storage technologies ,2015,..
Austria,USD (2020 prices and exchange rates),Other power and storage technologies ,2016,..
Austria,USD (2020 prices and exchange rates),Other power and storage technologies ,2017,..
Austria,USD (2020 prices and exchange rates),Other power and storage technologies ,2018,..
Austria,USD (2020 prices and exchange rates),Other power and storage technologies ,2019,..
Austria,USD (2020 prices and exchange rates),Other power and storage technologies ,2020 Estimated,..
Austria,USD (2020 prices and exchange rates),Other cross-cutting technologies/research,2013,..
Austria,USD (2020 prices and exchange rates),Other cross-cutting technologies/research,2014,..
Austria,USD (2020 prices and exchange rates),Other cross-cutting technologies/research,2015,..
Austria,USD (2020 prices and exchange rates),Other cross-cutting technologies/research,2016,..
Austria,USD (2020 prices and exchange rates),Other cross-cutting technologies/research,2017,..
Austria,USD (2020 prices and exchange rates),Other cross-cutting technologies/research,2018,..
Austria,USD (2020 prices and exchange rates),Other cross-cutting technologies/research,2019,..
Austria,USD (2020 prices and exchange rates),Other cross-cutting technologies/research,2020 Estimated,..
Austria,USD (2020 prices and exchange rates),Unallocated,2013,..
Austria,USD (2020 prices and exchange rates),Unallocated,2014,..
Austria,USD (2020 prices and exchange rates),Unallocated,2015,593.821
Austria,USD (2020 prices and exchange rates),Unallocated,2016,..
Austria,USD (2020 prices and exchange rates),Unallocated,2017,811.878
Austria,USD (2020 prices and exchange rates),Unallocated,2018,..
Austria,USD (2020 prices and exchange rates),Unallocated,2019,..
Austria,USD (2020 prices and exchange rates),Unallocated,2020 Estimated,..
Austria,USD (2020 prices and exchange rates),Total Budget ,2013,..
Austria,USD (2020 prices and exchange rates),Total Budget ,2014,..
Austria,USD (2020 prices and exchange rates),Total Budget ,2015,593.821
Austria,USD (2020 prices and exchange rates),Total Budget ,2016,..
Austria,USD (2020 prices and exchange rates),Total Budget ,2017,811.878
Austria,USD (2020 prices and exchange rates),Total Budget ,2018,..
Austria,USD (2020 prices and exchange rates),Total Budget ,2019,..
Austria,USD (2020 prices and exchange rates),Total Budget ,2020 Estimated,..
Austria,USD (2020 prices and PPP),Energy efficiency ,2013,..
Austria,USD (2020 prices and PPP),Energy efficiency ,2014,..
Austria,USD (2020 prices and PPP),Energy efficiency ,2015,..
Austria,USD (2020 prices and PPP),Energy efficiency ,2016,..
Austria,USD (2020 prices and PPP),Energy efficiency ,2017,..
Austria,USD (2020 prices and PPP),Energy efficiency ,2018,..
Austria,USD (2020 prices and PPP),Energy efficiency ,2019,..
Austria,USD (2020 prices and PPP),Energy efficiency ,2020 Estimated,..
Austria,USD (2020 prices and PPP),Fossil fuels,2013,..
Austria,USD (2020 prices and PPP),Fossil fuels,2014,..
Austria,USD (2020 prices and PPP),Fossil fuels,2015,..
Austria,USD (2020 prices and PPP),Fossil fuels,2016,..
Austria,USD (2020 prices and PPP),Fossil fuels,2017,..
Austria,USD (2020 prices and PPP),Fossil fuels,2018,..
Austria,USD (2020 prices and PPP),Fossil fuels,2019,..
Austria,USD (2020 prices and PPP),Fossil fuels,2020 Estimated,..
Austria,USD (2020 prices and PPP),Renewables,2013,..
Austria,USD (2020 prices and PPP),Renewables,2014,..
Austria,USD (2020 prices and PPP),Renewables,2015,..
Austria,USD (2020 prices and PPP),Renewables,2016,..
Austria,USD (2020 prices and PPP),Renewables,2017,..
Austria,USD (2020 prices and PPP),Renewables,2018,..
Austria,USD (2020 prices and PPP),Renewables,2019,..
Austria,USD (2020 prices and PPP),Renewables,2020 Estimated,..
Austria,USD (2020 prices and PPP),Nuclear ,2013,..
Austria,USD (2020 prices and PPP),Nuclear ,2014,..
Austria,USD (2020 prices and PPP),Nuclear ,2015,..
Austria,USD (2020 prices and PPP),Nuclear ,2016,..
Austria,USD (2020 prices and PPP),Nuclear ,2017,..
Austria,USD (2020 prices and PPP),Nuclear ,2018,..
Austria,USD (2020 prices and PPP),Nuclear ,2019,..
Austria,USD (2020 prices and PPP),Nuclear ,2020 Estimated,..
Austria,USD (2020 prices and PPP),Hydrogen and fuel cells ,2013,..
Austria,USD (2020 prices and PPP),Hydrogen and fuel cells ,2014,..
Austria,USD (2020 prices and PPP),Hydrogen and fuel cells ,2015,..
Austria,USD (2020 prices and PPP),Hydrogen and fuel cells ,2016,..
Austria,USD (2020 prices and PPP),Hydrogen and fuel cells ,2017,..
Austria,USD (2020 prices and PPP),Hydrogen and fuel cells ,2018,..
Austria,USD (2020 prices and PPP),Hydrogen and fuel cells ,2019,..
Austria,USD (2020 prices and PPP),Hydrogen and fuel cells ,2020 Estimated,..
Austria,USD (2020 prices and PPP),Other power and storage technologies,2013,..
Austria,USD (2020 prices and PPP),Other power and storage technologies,2014,..
Austria,USD (2020 prices and PPP),Other power and storage technologies,2015,..
Austria,USD (2020 prices and PPP),Other power and storage technologies,2016,..
Austria,USD (2020 prices and PPP),Other power and storage technologies,2017,..
Austria,USD (2020 prices and PPP),Other power and storage technologies,2018,..
Austria,USD (2020 prices and PPP),Other power and storage technologies,2019,..
Austria,USD (2020 prices and PPP),Other power and storage technologies,2020 Estimated,..
Austria,USD (2020 prices and PPP),Other cross-cutting technologies/research ,2013,..
Austria,USD (2020 prices and PPP),Other cross-cutting technologies/research ,2014,..
Austria,USD (2020 prices and PPP),Other cross-cutting technologies/research ,2015,..
Austria,USD (2020 prices and PPP),Other cross-cutting technologies/research ,2016,..
Austria,USD (2020 prices and PPP),Other cross-cutting technologies/research ,2017,..
Austria,USD (2020 prices and PPP),Other cross-cutting technologies/research ,2018,..
Austria,USD (2020 prices and PPP),Other cross-cutting technologies/research ,2019,..
Austria,USD (2020 prices and PPP),Other cross-cutting technologies/research ,2020 Estimated,..
Austria,USD (2020 prices and PPP),Unallocated ,2013,..
Austria,USD (2020 prices and PPP),Unallocated ,2014,..
Austria,USD (2020 prices and PPP),Unallocated ,2015,686.02
Austria,USD (2020 prices and PPP),Unallocated ,2016,..
Austria,USD (2020 prices and PPP),Unallocated ,2017,937.933
Austria,USD (2020 prices and PPP),Unallocated ,2018,..
Austria,USD (2020 prices and PPP),Unallocated ,2019,..
Austria,USD (2020 prices and PPP),Unallocated ,2020 Estimated,..
Austria,USD (2020 prices and PPP),Total Budget,2013,..
Austria,USD (2020 prices and PPP),Total Budget,2014,..
Austria,USD (2020 prices and PPP),Total Budget,2015,686.02
Austria,USD (2020 prices and PPP),Total Budget,2016,..
Austria,USD (2020 prices and PPP),Total Budget,2017,937.933
Austria,USD (2020 prices and PPP),Total Budget,2018,..
Austria,USD (2020 prices and PPP),Total Budget,2019,..
Austria,USD (2020 prices and PPP),Total Budget,2020 Estimated,..
Austria,Euro (2020 prices and exchange rates),Energy efficiency ,2013,..
Austria,Euro (2020 prices and exchange rates),Energy efficiency ,2014,..
Austria,Euro (2020 prices and exchange rates),Energy efficiency ,2015,..
Austria,Euro (2020 prices and exchange rates),Energy efficiency ,2016,..
Austria,Euro (2020 prices and exchange rates),Energy efficiency ,2017,..
Austria,Euro (2020 prices and exchange rates),Energy efficiency ,2018,..
Austria,Euro (2020 prices and exchange rates),Energy efficiency ,2019,..
Austria,Euro (2020 prices and exchange rates),Energy efficiency ,2020 Estimated,..
Austria,Euro (2020 prices and exchange rates),Fossil fuels,2013,..
Austria,Euro (2020 prices and exchange rates),Fossil fuels,2014,..
Austria,Euro (2020 prices and exchange rates),Fossil fuels,2015,..
Austria,Euro (2020 prices and exchange rates),Fossil fuels,2016,..
Austria,Euro (2020 prices and exchange rates),Fossil fuels,2017,..
Austria,Euro (2020 prices and exchange rates),Fossil fuels,2018,..
Austria,Euro (2020 prices and exchange rates),Fossil fuels,2019,..
Austria,Euro (2020 prices and exchange rates),Fossil fuels,2020 Estimated,..
Austria,Euro (2020 prices and exchange rates),Renewables,2013,..
Austria,Euro (2020 prices and exchange rates),Renewables,2014,..
Austria,Euro (2020 prices and exchange rates),Renewables,2015,..
Austria,Euro (2020 prices and exchange rates),Renewables,2016,..
Austria,Euro (2020 prices and exchange rates),Renewables,2017,..
Austria,Euro (2020 prices and exchange rates),Renewables,2018,..
Austria,Euro (2020 prices and exchange rates),Renewables,2019,..
Austria,Euro (2020 prices and exchange rates),Renewables,2020 Estimated,..
Austria,Euro (2020 prices and exchange rates),Nuclear ,2013,..
Austria,Euro (2020 prices and exchange rates),Nuclear ,2014,..
Austria,Euro (2020 prices and exchange rates),Nuclear ,2015,..
Austria,Euro (2020 prices and exchange rates),Nuclear ,2016,..
Austria,Euro (2020 prices and exchange rates),Nuclear ,2017,..
Austria,Euro (2020 prices and exchange rates),Nuclear ,2018,..
Austria,Euro (2020 prices and exchange rates),Nuclear ,2019,..
Austria,Euro (2020 prices and exchange rates),Nuclear ,2020 Estimated,..
Austria,Euro (2020 prices and exchange rates),Hydrogen and fuel cells ,2013,..
Austria,Euro (2020 prices and exchange rates),Hydrogen and fuel cells ,2014,..
Austria,Euro (2020 prices and exchange rates),Hydrogen and fuel cells ,2015,..
Austria,Euro (2020 prices and exchange rates),Hydrogen and fuel cells ,2016,..
Austria,Euro (2020 prices and exchange rates),Hydrogen and fuel cells ,2017,..
Austria,Euro (2020 prices and exchange rates),Hydrogen and fuel cells ,2018,..
Austria,Euro (2020 prices and exchange rates),Hydrogen and fuel cells ,2019,..
Austria,Euro (2020 prices and exchange rates),Hydrogen and fuel cells ,2020 Estimated,..
Austria,Euro (2020 prices and exchange rates),Other power and storage technologies,2013,..
Austria,Euro (2020 prices and exchange rates),Other power and storage technologies,2014,..
Austria,Euro (2020 prices and exchange rates),Other power and storage technologies,2015,..
Austria,Euro (2020 prices and exchange rates),Other power and storage technologies,2016,..
Austria,Euro (2020 prices and exchange rates),Other power and storage technologies,2017,..
Austria,Euro (2020 prices and exchange rates),Other power and storage technologies,2018,..
Austria,Euro (2020 prices and exchange rates),Other power and storage technologies,2019,..
Austria,Euro (2020 prices and exchange rates),Other power and storage technologies,2020 Estimated,..
Austria,Euro (2020 prices and exchange rates),Other cross-cutting technologies/research ,2013,..
Austria,Euro (2020 prices and exchange rates),Other cross-cutting technologies/research ,2014,..
Austria,Euro (2020 prices and exchange rates),Other cross-cutting technologies/research ,2015,..
Austria,Euro (2020 prices and exchange rates),Other cross-cutting technologies/research ,2016,..
Austria,Euro (2020 prices and exchange rates),Other cross-cutting technologies/research ,2017,..
Austria,Euro (2020 prices and exchange rates),Other cross-cutting technologies/research ,2018,..
Austria,Euro (2020 prices and exchange rates),Other cross-cutting technologies/research ,2019,..
Austria,Euro (2020 prices and exchange rates),Other cross-cutting technologies/research ,2020 Estimated,..
Austria,Euro (2020 prices and exchange rates),Unallocated ,2013,..
Austria,Euro (2020 prices and exchange rates),Unallocated ,2014,..
Austria,Euro (2020 prices and exchange rates),Unallocated ,2015,521.375
Austria,Euro (2020 prices and exchange rates),Unallocated ,2016,..
Austria,Euro (2020 prices and exchange rates),Unallocated ,2017,712.829
Austria,Euro (2020 prices and exchange rates),Unallocated ,2018,..
Austria,Euro (2020 prices and exchange rates),Unallocated ,2019,..
Austria,Euro (2020 prices and exchange rates),Unallocated ,2020 Estimated,..
Austria,Euro (2020 prices and exchange rates),Total Budget,2013,..
Austria,Euro (2020 prices and exchange rates),Total Budget,2014,..
Austria,Euro (2020 prices and exchange rates),Total Budget,2015,521.375
Austria,Euro (2020 prices and exchange rates),Total Budget,2016,..
Austria,Euro (2020 prices and exchange rates),Total Budget,2017,712.829
Austria,Euro (2020 prices and exchange rates),Total Budget,2018,..
Austria,Euro (2020 prices and exchange rates),Total Budget,2019,..
Austria,Euro (2020 prices and exchange rates),Total Budget,2020 Estimated,..
Czech Republic,National currency (nominal),Energy efficiency,2013,..
Czech Republic,National currency (nominal),Energy efficiency,2014,..
Czech Republic,National currency (nominal),Energy efficiency,2015,116.529
Czech Republic,National currency (nominal),Energy efficiency,2016,82.026
Czech Republic,National currency (nominal),Energy efficiency,2017,143.746
Czech Republic,National currency (nominal),Energy efficiency,2018,181.168
Czech Republic,National currency (nominal),Energy efficiency,2019,241.893
Czech Republic,National currency (nominal),Energy efficiency,2020 Estimated,265.464
Czech Republic,National currency (nominal),Fossil fuels ,2013,..
Czech Republic,National currency (nominal),Fossil fuels ,2014,..
Czech Republic,National currency (nominal),Fossil fuels ,2015,86.286
Czech Republic,National currency (nominal),Fossil fuels ,2016,78.057
Czech Republic,National currency (nominal),Fossil fuels ,2017,81.681
Czech Republic,National currency (nominal),Fossil fuels ,2018,76.776
Czech Republic,National currency (nominal),Fossil fuels ,2019,73.757
Czech Republic,National currency (nominal),Fossil fuels ,2020 Estimated,37.784
Czech Republic,National currency (nominal),Renewables ,2013,..
Czech Republic,National currency (nominal),Renewables ,2014,..
Czech Republic,National currency (nominal),Renewables ,2015,105.379
Czech Republic,National currency (nominal),Renewables ,2016,84.142
Czech Republic,National currency (nominal),Renewables ,2017,86.715
Czech Republic,National currency (nominal),Renewables ,2018,84.128
Czech Republic,National currency (nominal),Renewables ,2019,99.78
Czech Republic,National currency (nominal),Renewables ,2020 Estimated,125.306
Czech Republic,National currency (nominal),Nuclear,2013,..
Czech Republic,National currency (nominal),Nuclear,2014,..
Czech Republic,National currency (nominal),Nuclear,2015,385.995
Czech Republic,National currency (nominal),Nuclear,2016,128.061
Czech Republic,National currency (nominal),Nuclear,2017,217.913
Czech Republic,National currency (nominal),Nuclear,2018,225.485
Czech Republic,National currency (nominal),Nuclear,2019,251.901
Czech Republic,National currency (nominal),Nuclear,2020 Estimated,250.512
Czech Republic,National currency (nominal),Hydrogen and fuel cells,2013,..
Czech Republic,National currency (nominal),Hydrogen and fuel cells,2014,..
Czech Republic,National currency (nominal),Hydrogen and fuel cells,2015,6.313
Czech Republic,National currency (nominal),Hydrogen and fuel cells,2016,21.184
Czech Republic,National currency (nominal),Hydrogen and fuel cells,2017,31.781
Czech Republic,National currency (nominal),Hydrogen and fuel cells,2018,21.922
Czech Republic,National currency (nominal),Hydrogen and fuel cells,2019,165.909
Czech Republic,National currency (nominal),Hydrogen and fuel cells,2020 Estimated,80.436
Czech Republic,National currency (nominal),Other power and storage technologies ,2013,..
Czech Republic,National currency (nominal),Other power and storage technologies ,2014,..
Czech Republic,National currency (nominal),Other power and storage technologies ,2015,97.789
Czech Republic,National currency (nominal),Other power and storage technologies ,2016,76.942
Czech Republic,National currency (nominal),Other power and storage technologies ,2017,74.974
Czech Republic,National currency (nominal),Other power and storage technologies ,2018,90.744
Czech Republic,National currency (nominal),Other power and storage technologies ,2019,157.216
Czech Republic,National currency (nominal),Other power and storage technologies ,2020 Estimated,156.737
Czech Republic,National currency (nominal),Other cross-cutting technologies/research,2013,..
Czech Republic,National currency (nominal),Other cross-cutting technologies/research,2014,..
Czech Republic,National currency (nominal),Other cross-cutting technologies/research,2015,107.428
Czech Republic,National currency (nominal),Other cross-cutting technologies/research,2016,53.316
Czech Republic,National currency (nominal),Other cross-cutting technologies/research,2017,52.287
Czech Republic,National currency (nominal),Other cross-cutting technologies/research,2018,55.325
Czech Republic,National currency (nominal),Other cross-cutting technologies/research,2019,65.128
Czech Republic,National currency (nominal),Other cross-cutting technologies/research,2020 Estimated,74.961
Czech Republic,National currency (nominal),Unallocated,2013,..
Czech Republic,National currency (nominal),Unallocated,2014,..
Czech Republic,National currency (nominal),Unallocated,2015,0
Czech Republic,National currency (nominal),Unallocated,2016,0
Czech Republic,National currency (nominal),Unallocated,2017,0
Czech Republic,National currency (nominal),Unallocated,2018,0
Czech Republic,National currency (nominal),Unallocated,2019,0
Czech Republic,National currency (nominal),Unallocated,2020 Estimated,0
Czech Republic,National currency (nominal),Total Budget ,2013,..
Czech Republic,National currency (nominal),Total Budget ,2014,..
Czech Republic,National currency (nominal),Total Budget ,2015,905.719
Czech Republic,National currency (nominal),Total Budget ,2016,523.728
Czech Republic,National currency (nominal),Total Budget ,2017,689.097
Czech Republic,National currency (nominal),Total Budget ,2018,735.548
Czech Republic,National currency (nominal),Total Budget ,2019,1055.584
Czech Republic,National currency (nominal),Total Budget ,2020 Estimated,991.2
Czech Republic,National Currency (2020 prices),Energy efficiency,2013,..
Czech Republic,National Currency (2020 prices),Energy efficiency,2014,..
Czech Republic,National Currency (2020 prices),Energy efficiency,2015,132.493
Czech Republic,National Currency (2020 prices),Energy efficiency,2016,92.249
Czech Republic,National Currency (2020 prices),Energy efficiency,2017,159.453
Czech Republic,National Currency (2020 prices),Energy efficiency,2018,195.992
Czech Republic,National Currency (2020 prices),Energy efficiency,2019,251.861
Czech Republic,National Currency (2020 prices),Energy efficiency,2020 Estimated,265.464
Czech Republic,National Currency (2020 prices),Fossil fuels ,2013,..
Czech Republic,National Currency (2020 prices),Fossil fuels ,2014,..
Czech Republic,National Currency (2020 prices),Fossil fuels ,2015,98.107
Czech Republic,National Currency (2020 prices),Fossil fuels ,2016,87.785
Czech Republic,National Currency (2020 prices),Fossil fuels ,2017,90.606
Czech Republic,National Currency (2020 prices),Fossil fuels ,2018,83.058
Czech Republic,National Currency (2020 prices),Fossil fuels ,2019,76.796
Czech Republic,National Currency (2020 prices),Fossil fuels ,2020 Estimated,37.784
Czech Republic,National Currency (2020 prices),Renewables ,2013,..
Czech Republic,National Currency (2020 prices),Renewables ,2014,..
Czech Republic,National Currency (2020 prices),Renewables ,2015,119.816
Czech Republic,National Currency (2020 prices),Renewables ,2016,94.629
Czech Republic,National Currency (2020 prices),Renewables ,2017,96.19
Czech Republic,National Currency (2020 prices),Renewables ,2018,91.012
Czech Republic,National Currency (2020 prices),Renewables ,2019,103.892
Czech Republic,National Currency (2020 prices),Renewables ,2020 Estimated,125.306
Czech Republic,National Currency (2020 prices),Nuclear,2013,..
Czech Republic,National Currency (2020 prices),Nuclear,2014,..
Czech Republic,National Currency (2020 prices),Nuclear,2015,438.876
Czech Republic,National Currency (2020 prices),Nuclear,2016,144.021
Czech Republic,National Currency (2020 prices),Nuclear,2017,241.724
Czech Republic,National Currency (2020 prices),Nuclear,2018,243.936
Czech Republic,National Currency (2020 prices),Nuclear,2019,262.282
Czech Republic,National Currency (2020 prices),Nuclear,2020 Estimated,250.512
Czech Republic,National Currency (2020 prices),Hydrogen and fuel cells,2013,..
Czech Republic,National Currency (2020 prices),Hydrogen and fuel cells,2014,..
Czech Republic,National Currency (2020 prices),Hydrogen and fuel cells,2015,7.178
Czech Republic,National Currency (2020 prices),Hydrogen and fuel cells,2016,23.824
Czech Republic,National Currency (2020 prices),Hydrogen and fuel cells,2017,35.254
Czech Republic,National Currency (2020 prices),Hydrogen and fuel cells,2018,23.716
Czech Republic,National Currency (2020 prices),Hydrogen and fuel cells,2019,172.746
Czech Republic,National Currency (2020 prices),Hydrogen and fuel cells,2020 Estimated,80.436
Czech Republic,National Currency (2020 prices),Other power and storage technologies ,2013,..
Czech Republic,National Currency (2020 prices),Other power and storage technologies ,2014,..
Czech Republic,National Currency (2020 prices),Other power and storage technologies ,2015,111.186
Czech Republic,National Currency (2020 prices),Other power and storage technologies ,2016,86.531
Czech Republic,National Currency (2020 prices),Other power and storage technologies ,2017,83.166
Czech Republic,National Currency (2020 prices),Other power and storage technologies ,2018,98.169
Czech Republic,National Currency (2020 prices),Other power and storage technologies ,2019,163.695
Czech Republic,National Currency (2020 prices),Other power and storage technologies ,2020 Estimated,156.737
Czech Republic,National Currency (2020 prices),Other cross-cutting technologies/research,2013,..
Czech Republic,National Currency (2020 prices),Other cross-cutting technologies/research,2014,..
Czech Republic,National Currency (2020 prices),Other cross-cutting technologies/research,2015,122.146
Czech Republic,National Currency (2020 prices),Other cross-cutting technologies/research,2016,59.961
Czech Republic,National Currency (2020 prices),Other cross-cutting technologies/research,2017,58
Czech Republic,National Currency (2020 prices),Other cross-cutting technologies/research,2018,59.852
Czech Republic,National Currency (2020 prices),Other cross-cutting technologies/research,2019,67.812
Czech Republic,National Currency (2020 prices),Other cross-cutting technologies/research,2020 Estimated,74.961
Czech Republic,National Currency (2020 prices),Unallocated,2013,..
Czech Republic,National Currency (2020 prices),Unallocated,2014,..
Czech Republic,National Currency (2020 prices),Unallocated,2015,0
Czech Republic,National Currency (2020 prices),Unallocated,2016,0
Czech Republic,National Currency (2020 prices),Unallocated,2017,0
Czech Republic,National Currency (2020 prices),Unallocated,2018,0
Czech Republic,National Currency (2020 prices),Unallocated,2019,0
Czech Republic,National Currency (2020 prices),Unallocated,2020 Estimated,0
Czech Republic,National Currency (2020 prices),Total Budget ,2013,..
Czech Republic,National Currency (2020 prices),Total Budget ,2014,..
Czech Republic,National Currency (2020 prices),Total Budget ,2015,1029.803
Czech Republic,National Currency (2020 prices),Total Budget ,2016,589
Czech Republic,National Currency (2020 prices),Total Budget ,2017,764.393
Czech Republic,National Currency (2020 prices),Total Budget ,2018,795.736
Czech Republic,National Currency (2020 prices),Total Budget ,2019,1099.083
Czech Republic,National Currency (2020 prices),Total Budget ,2020 Estimated,991.2
Czech Republic,USD (2020 prices and exchange rates),Energy efficiency ,2013,..
Czech Republic,USD (2020 prices and exchange rates),Energy efficiency ,2014,..
Czech Republic,USD (2020 prices and exchange rates),Energy efficiency ,2015,5.708
Czech Republic,USD (2020 prices and exchange rates),Energy efficiency ,2016,3.974
Czech Republic,USD (2020 prices and exchange rates),Energy efficiency ,2017,6.869
Czech Republic,USD (2020 prices and exchange rates),Energy efficiency ,2018,8.444
Czech Republic,USD (2020 prices and exchange rates),Energy efficiency ,2019,10.85
Czech Republic,USD (2020 prices and exchange rates),Energy efficiency ,2020 Estimated,11.436
Czech Republic,USD (2020 prices and exchange rates),Fossil fuels,2013,..
Czech Republic,USD (2020 prices and exchange rates),Fossil fuels,2014,..
Czech Republic,USD (2020 prices and exchange rates),Fossil fuels,2015,4.227
Czech Republic,USD (2020 prices and exchange rates),Fossil fuels,2016,3.782
Czech Republic,USD (2020 prices and exchange rates),Fossil fuels,2017,3.903
Czech Republic,USD (2020 prices and exchange rates),Fossil fuels,2018,3.578
Czech Republic,USD (2020 prices and exchange rates),Fossil fuels,2019,3.308
Czech Republic,USD (2020 prices and exchange rates),Fossil fuels,2020 Estimated,1.628
Czech Republic,USD (2020 prices and exchange rates),Renewables,2013,..
Czech Republic,USD (2020 prices and exchange rates),Renewables,2014,..
Czech Republic,USD (2020 prices and exchange rates),Renewables,2015,5.162
Czech Republic,USD (2020 prices and exchange rates),Renewables,2016,4.077
Czech Republic,USD (2020 prices and exchange rates),Renewables,2017,4.144
Czech Republic,USD (2020 prices and exchange rates),Renewables,2018,3.921
Czech Republic,USD (2020 prices and exchange rates),Renewables,2019,4.476
Czech Republic,USD (2020 prices and exchange rates),Renewables,2020 Estimated,5.398
Czech Republic,USD (2020 prices and exchange rates),Nuclear ,2013,..
Czech Republic,USD (2020 prices and exchange rates),Nuclear ,2014,..
Czech Republic,USD (2020 prices and exchange rates),Nuclear ,2015,18.907
Czech Republic,USD (2020 prices and exchange rates),Nuclear ,2016,6.205
Czech Republic,USD (2020 prices and exchange rates),Nuclear ,2017,10.414
Czech Republic,USD (2020 prices and exchange rates),Nuclear ,2018,10.509
Czech Republic,USD (2020 prices and exchange rates),Nuclear ,2019,11.299
Czech Republic,USD (2020 prices and exchange rates),Nuclear ,2020 Estimated,10.792
Czech Republic,USD (2020 prices and exchange rates),Hydrogen and fuel cells ,2013,..
Czech Republic,USD (2020 prices and exchange rates),Hydrogen and fuel cells ,2014,..
Czech Republic,USD (2020 prices and exchange rates),Hydrogen and fuel cells ,2015,0.309
Czech Republic,USD (2020 prices and exchange rates),Hydrogen and fuel cells ,2016,1.026
Czech Republic,USD (2020 prices and exchange rates),Hydrogen and fuel cells ,2017,1.519
Czech Republic,USD (2020 prices and exchange rates),Hydrogen and fuel cells ,2018,1.022
Czech Republic,USD (2020 prices and exchange rates),Hydrogen and fuel cells ,2019,7.442
Czech Republic,USD (2020 prices and exchange rates),Hydrogen and fuel cells ,2020 Estimated,3.465
Czech Republic,USD (2020 prices and exchange rates),Other power and storage technologies,2013,..
Czech Republic,USD (2020 prices and exchange rates),Other power and storage technologies,2014,..
Czech Republic,USD (2020 prices and exchange rates),Other power and storage technologies,2015,4.79
Czech Republic,USD (2020 prices and exchange rates),Other power and storage technologies,2016,3.728
Czech Republic,USD (2020 prices and exchange rates),Other power and storage technologies,2017,3.583
Czech Republic,USD (2020 prices and exchange rates),Other power and storage technologies,2018,4.229
Czech Republic,USD (2020 prices and exchange rates),Other power and storage technologies,2019,7.052
Czech Republic,USD (2020 prices and exchange rates),Other power and storage technologies,2020 Estimated,6.752
Czech Republic,USD (2020 prices and exchange rates),Other cross-cutting technologies/research ,2013,..
Czech Republic,USD (2020 prices and exchange rates),Other cross-cutting technologies/research ,2014,..
Czech Republic,USD (2020 prices and exchange rates),Other cross-cutting technologies/research ,2015,5.262
Czech Republic,USD (2020 prices and exchange rates),Other cross-cutting technologies/research ,2016,2.583
Czech Republic,USD (2020 prices and exchange rates),Other cross-cutting technologies/research ,2017,2.499
Czech Republic,USD (2020 prices and exchange rates),Other cross-cutting technologies/research ,2018,2.578
Czech Republic,USD (2020 prices and exchange rates),Other cross-cutting technologies/research ,2019,2.921
Czech Republic,USD (2020 prices and exchange rates),Other cross-cutting technologies/research ,2020 Estimated,3.229
Czech Republic,USD (2020 prices and exchange rates),Unallocated ,2013,..
Czech Republic,USD (2020 prices and exchange rates),Unallocated ,2014,..
Czech Republic,USD (2020 prices and exchange rates),Unallocated ,2015,0
Czech Republic,USD (2020 prices and exchange rates),Unallocated ,2016,0
Czech Republic,USD (2020 prices and exchange rates),Unallocated ,2017,0
Czech Republic,USD (2020 prices and exchange rates),Unallocated ,2018,0
Czech Republic,USD (2020 prices and exchange rates),Unallocated ,2019,0
Czech Republic,USD (2020 prices and exchange rates),Unallocated ,2020 Estimated,0
Czech Republic,USD (2020 prices and exchange rates),Total Budget,2013,..
Czech Republic,USD (2020 prices and exchange rates),Total Budget,2014,..
Czech Republic,USD (2020 prices and exchange rates),Total Budget,2015,44.365
Czech Republic,USD (2020 prices and exchange rates),Total Budget,2016,25.375
Czech Republic,USD (2020 prices and exchange rates),Total Budget,2017,32.931
Czech Republic,USD (2020 prices and exchange rates),Total Budget,2018,34.281
Czech Republic,USD (2020 prices and exchange rates),Total Budget,2019,47.35
Czech Republic,USD (2020 prices and exchange rates),Total Budget,2020 Estimated,42.702
Czech Republic,USD (2020 prices and PPP),Energy efficiency,2013,..
Czech Republic,USD (2020 prices and PPP),Energy efficiency,2014,..
Czech Republic,USD (2020 prices and PPP),Energy efficiency,2015,10.316
Czech Republic,USD (2020 prices and PPP),Energy efficiency,2016,7.183
Czech Republic,USD (2020 prices and PPP),Energy efficiency,2017,12.416
Czech Republic,USD (2020 prices and PPP),Energy efficiency,2018,15.261
Czech Republic,USD (2020 prices and PPP),Energy efficiency,2019,19.611
Czech Republic,USD (2020 prices and PPP),Energy efficiency,2020 Estimated,20.67
Czech Republic,USD (2020 prices and PPP),Fossil fuels ,2013,..
Czech Republic,USD (2020 prices and PPP),Fossil fuels ,2014,..
Czech Republic,USD (2020 prices and PPP),Fossil fuels ,2015,7.639
Czech Republic,USD (2020 prices and PPP),Fossil fuels ,2016,6.835
Czech Republic,USD (2020 prices and PPP),Fossil fuels ,2017,7.055
Czech Republic,USD (2020 prices and PPP),Fossil fuels ,2018,6.467
Czech Republic,USD (2020 prices and PPP),Fossil fuels ,2019,5.98
Czech Republic,USD (2020 prices and PPP),Fossil fuels ,2020 Estimated,2.942
Czech Republic,USD (2020 prices and PPP),Renewables ,2013,..
Czech Republic,USD (2020 prices and PPP),Renewables ,2014,..
Czech Republic,USD (2020 prices and PPP),Renewables ,2015,9.329
Czech Republic,USD (2020 prices and PPP),Renewables ,2016,7.368
Czech Republic,USD (2020 prices and PPP),Renewables ,2017,7.49
Czech Republic,USD (2020 prices and PPP),Renewables ,2018,7.087
Czech Republic,USD (2020 prices and PPP),Renewables ,2019,8.089
Czech Republic,USD (2020 prices and PPP),Renewables ,2020 Estimated,9.757
Czech Republic,USD (2020 prices and PPP),Nuclear,2013,..
Czech Republic,USD (2020 prices and PPP),Nuclear,2014,..
Czech Republic,USD (2020 prices and PPP),Nuclear,2015,34.172
Czech Republic,USD (2020 prices and PPP),Nuclear,2016,11.214
Czech Republic,USD (2020 prices and PPP),Nuclear,2017,18.821
Czech Republic,USD (2020 prices and PPP),Nuclear,2018,18.994
Czech Republic,USD (2020 prices and PPP),Nuclear,2019,20.422
Czech Republic,USD (2020 prices and PPP),Nuclear,2020 Estimated,19.506
Czech Republic,USD (2020 prices and PPP),Hydrogen and fuel cells,2013,..
Czech Republic,USD (2020 prices and PPP),Hydrogen and fuel cells,2014,..
Czech Republic,USD (2020 prices and PPP),Hydrogen and fuel cells,2015,0.559
Czech Republic,USD (2020 prices and PPP),Hydrogen and fuel cells,2016,1.855
Czech Republic,USD (2020 prices and PPP),Hydrogen and fuel cells,2017,2.745
Czech Republic,USD (2020 prices and PPP),Hydrogen and fuel cells,2018,1.847
Czech Republic,USD (2020 prices and PPP),Hydrogen and fuel cells,2019,13.451
Czech Republic,USD (2020 prices and PPP),Hydrogen and fuel cells,2020 Estimated,6.263
Czech Republic,USD (2020 prices and PPP),Other power and storage technologies ,2013,..
Czech Republic,USD (2020 prices and PPP),Other power and storage technologies ,2014,..
Czech Republic,USD (2020 prices and PPP),Other power and storage technologies ,2015,8.657
Czech Republic,USD (2020 prices and PPP),Other power and storage technologies ,2016,6.738
Czech Republic,USD (2020 prices and PPP),Other power and storage technologies ,2017,6.476
Czech Republic,USD (2020 prices and PPP),Other power and storage technologies ,2018,7.644
Czech Republic,USD (2020 prices and PPP),Other power and storage technologies ,2019,12.746
Czech Republic,USD (2020 prices and PPP),Other power and storage technologies ,2020 Estimated,12.204
Czech Republic,USD (2020 prices and PPP),Other cross-cutting technologies/research,2013,..
Czech Republic,USD (2020 prices and PPP),Other cross-cutting technologies/research,2014,..
Czech Republic,USD (2020 prices and PPP),Other cross-cutting technologies/research,2015,9.511
Czech Republic,USD (2020 prices and PPP),Other cross-cutting technologies/research,2016,4.669
Czech Republic,USD (2020 prices and PPP),Other cross-cutting technologies/research,2017,4.516
Czech Republic,USD (2020 prices and PPP),Other cross-cutting technologies/research,2018,4.66
Czech Republic,USD (2020 prices and PPP),Other cross-cutting technologies/research,2019,5.28
Czech Republic,USD (2020 prices and PPP),Other cross-cutting technologies/research,2020 Estimated,5.837
Czech Republic,USD (2020 prices and PPP),Unallocated,2013,..
Czech Republic,USD (2020 prices and PPP),Unallocated,2014,..
Czech Republic,USD (2020 prices and PPP),Unallocated,2015,0
Czech Republic,USD (2020 prices and PPP),Unallocated,2016,0
Czech Republic,USD (2020 prices and PPP),Unallocated,2017,0
Czech Republic,USD (2020 prices and PPP),Unallocated,2018,0
Czech Republic,USD (2020 prices and PPP),Unallocated,2019,0
Czech Republic,USD (2020 prices and PPP),Unallocated,2020 Estimated,0
Czech Republic,USD (2020 prices and PPP),Total Budget ,2013,..
Czech Republic,USD (2020 prices and PPP),Total Budget ,2014,..
Czech Republic,USD (2020 prices and PPP),Total Budget ,2015,80.184
Czech Republic,USD (2020 prices and PPP),Total Budget ,2016,45.862
Czech Republic,USD (2020 prices and PPP),Total Budget ,2017,59.518
Czech Republic,USD (2020 prices and PPP),Total Budget ,2018,61.959
Czech Republic,USD (2020 prices and PPP),Total Budget ,2019,85.578
Czech Republic,USD (2020 prices and PPP),Total Budget ,2020 Estimated,77.178
Czech Republic,Euro (2020 prices and exchange rates),Energy efficiency,2013,..
Czech Republic,Euro (2020 prices and exchange rates),Energy efficiency,2014,..
Czech Republic,Euro (2020 prices and exchange rates),Energy efficiency,2015,5.012
Czech Republic,Euro (2020 prices and exchange rates),Energy efficiency,2016,3.489
Czech Republic,Euro (2020 prices and exchange rates),Energy efficiency,2017,6.031
Czech Republic,Euro (2020 prices and exchange rates),Energy efficiency,2018,7.414
Czech Republic,Euro (2020 prices and exchange rates),Energy efficiency,2019,9.526
Czech Republic,Euro (2020 prices and exchange rates),Energy efficiency,2020 Estimated,10.041
Czech Republic,Euro (2020 prices and exchange rates),Fossil fuels ,2013,..
Czech Republic,Euro (2020 prices and exchange rates),Fossil fuels ,2014,..
Czech Republic,Euro (2020 prices and exchange rates),Fossil fuels ,2015,3.711
Czech Republic,Euro (2020 prices and exchange rates),Fossil fuels ,2016,3.321
Czech Republic,Euro (2020 prices and exchange rates),Fossil fuels ,2017,3.427
Czech Republic,Euro (2020 prices and exchange rates),Fossil fuels ,2018,3.141
Czech Republic,Euro (2020 prices and exchange rates),Fossil fuels ,2019,2.904
Czech Republic,Euro (2020 prices and exchange rates),Fossil fuels ,2020 Estimated,1.429
Czech Republic,Euro (2020 prices and exchange rates),Renewables ,2013,..
Czech Republic,Euro (2020 prices and exchange rates),Renewables ,2014,..
Czech Republic,Euro (2020 prices and exchange rates),Renewables ,2015,4.532
Czech Republic,Euro (2020 prices and exchange rates),Renewables ,2016,3.58
Czech Republic,Euro (2020 prices and exchange rates),Renewables ,2017,3.638
Czech Republic,Euro (2020 prices and exchange rates),Renewables ,2018,3.443
Czech Republic,Euro (2020 prices and exchange rates),Renewables ,2019,3.93
Czech Republic,Euro (2020 prices and exchange rates),Renewables ,2020 Estimated,4.739
Czech Republic,Euro (2020 prices and exchange rates),Nuclear,2013,..
Czech Republic,Euro (2020 prices and exchange rates),Nuclear,2014,..
Czech Republic,Euro (2020 prices and exchange rates),Nuclear,2015,16.6
Czech Republic,Euro (2020 prices and exchange rates),Nuclear,2016,5.448
Czech Republic,Euro (2020 prices and exchange rates),Nuclear,2017,9.143
Czech Republic,Euro (2020 prices and exchange rates),Nuclear,2018,9.227
Czech Republic,Euro (2020 prices and exchange rates),Nuclear,2019,9.921
Czech Republic,Euro (2020 prices and exchange rates),Nuclear,2020 Estimated,9.475
Czech Republic,Euro (2020 prices and exchange rates),Hydrogen and fuel cells,2013,..
Czech Republic,Euro (2020 prices and exchange rates),Hydrogen and fuel cells,2014,..
Czech Republic,Euro (2020 prices and exchange rates),Hydrogen and fuel cells,2015,0.271
Czech Republic,Euro (2020 prices and exchange rates),Hydrogen and fuel cells,2016,0.901
Czech Republic,Euro (2020 prices and exchange rates),Hydrogen and fuel cells,2017,1.334
Czech Republic,Euro (2020 prices and exchange rates),Hydrogen and fuel cells,2018,0.897
Czech Republic,Euro (2020 prices and exchange rates),Hydrogen and fuel cells,2019,6.534
Czech Republic,Euro (2020 prices and exchange rates),Hydrogen and fuel cells,2020 Estimated,3.042
Czech Republic,Euro (2020 prices and exchange rates),Other power and storage technologies ,2013,..
Czech Republic,Euro (2020 prices and exchange rates),Other power and storage technologies ,2014,..
Czech Republic,Euro (2020 prices and exchange rates),Other power and storage technologies ,2015,4.206
Czech Republic,Euro (2020 prices and exchange rates),Other power and storage technologies ,2016,3.273
Czech Republic,Euro (2020 prices and exchange rates),Other power and storage technologies ,2017,3.146
Czech Republic,Euro (2020 prices and exchange rates),Other power and storage technologies ,2018,3.713
Czech Republic,Euro (2020 prices and exchange rates),Other power and storage technologies ,2019,6.192
Czech Republic,Euro (2020 prices and exchange rates),Other power and storage technologies ,2020 Estimated,5.928
Czech Republic,Euro (2020 prices and exchange rates),Other cross-cutting technologies/research,2013,..
Czech Republic,Euro (2020 prices and exchange rates),Other cross-cutting technologies/research,2014,..
Czech Republic,Euro (2020 prices and exchange rates),Other cross-cutting technologies/research,2015,4.62
Czech Republic,Euro (2020 prices and exchange rates),Other cross-cutting technologies/research,2016,2.268
Czech Republic,Euro (2020 prices and exchange rates),Other cross-cutting technologies/research,2017,2.194
Czech Republic,Euro (2020 prices and exchange rates),Other cross-cutting technologies/research,2018,2.263
Czech Republic,Euro (2020 prices and exchange rates),Other cross-cutting technologies/research,2019,2.565
Czech Republic,Euro (2020 prices and exchange rates),Other cross-cutting technologies/research,2020 Estimated,2.835
Czech Republic,Euro (2020 prices and exchange rates),Unallocated,2013,..
Czech Republic,Euro (2020 prices and exchange rates),Unallocated,2014,..
Czech Republic,Euro (2020 prices and exchange rates),Unallocated,2015,0
Czech Republic,Euro (2020 prices and exchange rates),Unallocated,2016,0
Czech Republic,Euro (2020 prices and exchange rates),Unallocated,2017,0
Czech Republic,Euro (2020 prices and exchange rates),Unallocated,2018,0
Czech Republic,Euro (2020 prices and exchange rates),Unallocated,2019,0
Czech Republic,Euro (2020 prices and exchange rates),Unallocated,2020 Estimated,0
Czech Republic,Euro (2020 prices and exchange rates),Total Budget ,2013,..
Czech Republic,Euro (2020 prices and exchange rates),Total Budget ,2014,..
Czech Republic,Euro (2020 prices and exchange rates),Total Budget ,2015,38.952
Czech Republic,Euro (2020 prices and exchange rates),Total Budget ,2016,22.279
Czech Republic,Euro (2020 prices and exchange rates),Total Budget ,2017,28.913
Czech Republic,Euro (2020 prices and exchange rates),Total Budget ,2018,30.099
Czech Republic,Euro (2020 prices and exchange rates),Total Budget ,2019,41.573
Czech Republic,Euro (2020 prices and exchange rates),Total Budget ,2020 Estimated,37.492
Italy,National currency (nominal),Energy efficiency ,2013,170.709
Italy,National currency (nominal),Energy efficiency ,2014,217.815
Italy,National currency (nominal),Energy efficiency ,2015,752.896
Italy,National currency (nominal),Energy efficiency ,2016,804.504
Italy,National currency (nominal),Energy efficiency ,2017,819.307
Italy,National currency (nominal),Energy efficiency ,2018,843.12
Italy,National currency (nominal),Energy efficiency ,2019,..
Italy,National currency (nominal),Energy efficiency ,2020 Estimated,..
Italy,National currency (nominal),Fossil fuels,2013,28.247
Italy,National currency (nominal),Fossil fuels,2014,19.555
Italy,National currency (nominal),Fossil fuels,2015,138.902
Italy,National currency (nominal),Fossil fuels,2016,103.481
Italy,National currency (nominal),Fossil fuels,2017,105.385
Italy,National currency (nominal),Fossil fuels,2018,108.448
Italy,National currency (nominal),Fossil fuels,2019,..
Italy,National currency (nominal),Fossil fuels,2020 Estimated,..
Italy,National currency (nominal),Renewables,2013,39.9
Italy,National currency (nominal),Renewables,2014,68.634
Italy,National currency (nominal),Renewables,2015,82.144
Italy,National currency (nominal),Renewables,2016,60.686
Italy,National currency (nominal),Renewables,2017,61.803
Italy,National currency (nominal),Renewables,2018,63.599
Italy,National currency (nominal),Renewables,2019,..
Italy,National currency (nominal),Renewables,2020 Estimated,..
Italy,National currency (nominal),Nuclear ,2013,2.698
Italy,National currency (nominal),Nuclear ,2014,1.223
Italy,National currency (nominal),Nuclear ,2015,2.507
Italy,National currency (nominal),Nuclear ,2016,2.353
Italy,National currency (nominal),Nuclear ,2017,2.396
Italy,National currency (nominal),Nuclear ,2018,2.466
Italy,National currency (nominal),Nuclear ,2019,..
Italy,National currency (nominal),Nuclear ,2020 Estimated,..
Italy,National currency (nominal),Hydrogen and fuel cells ,2013,8.898
Italy,National currency (nominal),Hydrogen and fuel cells ,2014,7.777
Italy,National currency (nominal),Hydrogen and fuel cells ,2015,6.895
Italy,National currency (nominal),Hydrogen and fuel cells ,2016,10.753
Italy,National currency (nominal),Hydrogen and fuel cells ,2017,10.951
Italy,National currency (nominal),Hydrogen and fuel cells ,2018,11.269
Italy,National currency (nominal),Hydrogen and fuel cells ,2019,..
Italy,National currency (nominal),Hydrogen and fuel cells ,2020 Estimated,..
Italy,National currency (nominal),Other power and storage technologies,2013,25.105
Italy,National currency (nominal),Other power and storage technologies,2014,26.746
Italy,National currency (nominal),Other power and storage technologies,2015,42.396
Italy,National currency (nominal),Other power and storage technologies,2016,59.209
Italy,National currency (nominal),Other power and storage technologies,2017,60.298
Italy,National currency (nominal),Other power and storage technologies,2018,62.051
Italy,National currency (nominal),Other power and storage technologies,2019,..
Italy,National currency (nominal),Other power and storage technologies,2020 Estimated,..
Italy,National currency (nominal),Other cross-cutting technologies/research ,2013,30.749
Italy,National currency (nominal),Other cross-cutting technologies/research ,2014,27.982
Italy,National currency (nominal),Other cross-cutting technologies/research ,2015,18.429
Italy,National currency (nominal),Other cross-cutting technologies/research ,2016,41.793
Italy,National currency (nominal),Other cross-cutting technologies/research ,2017,42.562
Italy,National currency (nominal),Other cross-cutting technologies/research ,2018,43.799
Italy,National currency (nominal),Other cross-cutting technologies/research ,2019,..
Italy,National currency (nominal),Other cross-cutting technologies/research ,2020 Estimated,..
Italy,National currency (nominal),Unallocated ,2013,0
Italy,National currency (nominal),Unallocated ,2014,0
Italy,National currency (nominal),Unallocated ,2015,0
Italy,National currency (nominal),Unallocated ,2016,0
Italy,National currency (nominal),Unallocated ,2017,0
Italy,National currency (nominal),Unallocated ,2018,0
Italy,National currency (nominal),Unallocated ,2019,..
Italy,National currency (nominal),Unallocated ,2020 Estimated,..
Italy,National currency (nominal),Total Budget,2013,306.306
Italy,National currency (nominal),Total Budget,2014,369.732
Italy,National currency (nominal),Total Budget,2015,1044.232
Italy,National currency (nominal),Total Budget,2016,1082.779
Italy,National currency (nominal),Total Budget,2017,1102.702
Italy,National currency (nominal),Total Budget,2018,1134.752
Italy,National currency (nominal),Total Budget,2019,..
Italy,National currency (nominal),Total Budget,2020 Estimated,..
Italy,National Currency (2020 prices),Energy efficiency ,2013,182.53
Italy,National Currency (2020 prices),Energy efficiency ,2014,230.783
Italy,National Currency (2020 prices),Energy efficiency ,2015,790.541
Italy,National Currency (2020 prices),Energy efficiency ,2016,835.538
Italy,National Currency (2020 prices),Energy efficiency ,2017,844.232
Italy,National Currency (2020 prices),Energy efficiency ,2018,859.491
Italy,National Currency (2020 prices),Energy efficiency ,2019,..
Italy,National Currency (2020 prices),Energy efficiency ,2020 Estimated,..
Italy,National Currency (2020 prices),Fossil fuels,2013,30.203
Italy,National Currency (2020 prices),Fossil fuels,2014,20.719
Italy,National Currency (2020 prices),Fossil fuels,2015,145.847
Italy,National Currency (2020 prices),Fossil fuels,2016,107.473
Italy,National Currency (2020 prices),Fossil fuels,2017,108.591
Italy,National Currency (2020 prices),Fossil fuels,2018,110.554
Italy,National Currency (2020 prices),Fossil fuels,2019,..
Italy,National Currency (2020 prices),Fossil fuels,2020 Estimated,..
Italy,National Currency (2020 prices),Renewables,2013,42.663
Italy,National Currency (2020 prices),Renewables,2014,72.72
Italy,National Currency (2020 prices),Renewables,2015,86.251
Italy,National Currency (2020 prices),Renewables,2016,63.027
Italy,National Currency (2020 prices),Renewables,2017,63.683
Italy,National Currency (2020 prices),Renewables,2018,64.834
Italy,National Currency (2020 prices),Renewables,2019,..
Italy,National Currency (2020 prices),Renewables,2020 Estimated,..
Italy,National Currency (2020 prices),Nuclear ,2013,2.885
Italy,National Currency (2020 prices),Nuclear ,2014,1.296
Italy,National Currency (2020 prices),Nuclear ,2015,2.632
Italy,National Currency (2020 prices),Nuclear ,2016,2.444
Italy,National Currency (2020 prices),Nuclear ,2017,2.469
Italy,National Currency (2020 prices),Nuclear ,2018,2.514
Italy,National Currency (2020 prices),Nuclear ,2019,..
Italy,National Currency (2020 prices),Nuclear ,2020 Estimated,..
Italy,National Currency (2020 prices),Hydrogen and fuel cells ,2013,9.514
Italy,National Currency (2020 prices),Hydrogen and fuel cells ,2014,8.24
Italy,National Currency (2020 prices),Hydrogen and fuel cells ,2015,7.24
Italy,National Currency (2020 prices),Hydrogen and fuel cells ,2016,11.168
Italy,National Currency (2020 prices),Hydrogen and fuel cells ,2017,11.284
Italy,National Currency (2020 prices),Hydrogen and fuel cells ,2018,11.488
Italy,National Currency (2020 prices),Hydrogen and fuel cells ,2019,..
Italy,National Currency (2020 prices),Hydrogen and fuel cells ,2020 Estimated,..
Italy,National Currency (2020 prices),Other power and storage technologies,2013,26.843
Italy,National Currency (2020 prices),Other power and storage technologies,2014,28.338
Italy,National Currency (2020 prices),Other power and storage technologies,2015,44.516
Italy,National Currency (2020 prices),Other power and storage technologies,2016,61.493
Italy,National Currency (2020 prices),Other power and storage technologies,2017,62.132
Italy,National Currency (2020 prices),Other power and storage technologies,2018,63.256
Italy,National Currency (2020 prices),Other power and storage technologies,2019,..
Italy,National Currency (2020 prices),Other power and storage technologies,2020 Estimated,..
Italy,National Currency (2020 prices),Other cross-cutting technologies/research ,2013,32.878
Italy,National Currency (2020 prices),Other cross-cutting technologies/research ,2014,29.648
Italy,National Currency (2020 prices),Other cross-cutting technologies/research ,2015,19.35
Italy,National Currency (2020 prices),Other cross-cutting technologies/research ,2016,43.405
Italy,National Currency (2020 prices),Other cross-cutting technologies/research ,2017,43.857
Italy,National Currency (2020 prices),Other cross-cutting technologies/research ,2018,44.649
Italy,National Currency (2020 prices),Other cross-cutting technologies/research ,2019,..
Italy,National Currency (2020 prices),Other cross-cutting technologies/research ,2020 Estimated,..
Italy,National Currency (2020 prices),Unallocated ,2013,0
Italy,National Currency (2020 prices),Unallocated ,2014,0
Italy,National Currency (2020 prices),Unallocated ,2015,0
Italy,National Currency (2020 prices),Unallocated ,2016,0
Italy,National Currency (2020 prices),Unallocated ,2017,0
Italy,National Currency (2020 prices),Unallocated ,2018,0
Italy,National Currency (2020 prices),Unallocated ,2019,..
Italy,National Currency (2020 prices),Unallocated ,2020 Estimated,..
Italy,National Currency (2020 prices),Total Budget,2013,327.517
Italy,National Currency (2020 prices),Total Budget,2014,391.744
Italy,National Currency (2020 prices),Total Budget,2015,1096.444
Italy,National Currency (2020 prices),Total Budget,2016,1124.548
Italy,National Currency (2020 prices),Total Budget,2017,1136.248
Italy,National Currency (2020 prices),Total Budget,2018,1156.786
Italy,National Currency (2020 prices),Total Budget,2019,..
Italy,National Currency (2020 prices),Total Budget,2020 Estimated,..
Italy,USD (2020 prices and exchange rates),Energy efficiency,2013,207.893
Italy,USD (2020 prices and exchange rates),Energy efficiency,2014,262.851
Italy,USD (2020 prices and exchange rates),Energy efficiency,2015,900.388
Italy,USD (2020 prices and exchange rates),Energy efficiency,2016,951.638
Italy,USD (2020 prices and exchange rates),Energy efficiency,2017,961.54
Italy,USD (2020 prices and exchange rates),Energy efficiency,2018,978.919
Italy,USD (2020 prices and exchange rates),Energy efficiency,2019,..
Italy,USD (2020 prices and exchange rates),Energy efficiency,2020 Estimated,..
Italy,USD (2020 prices and exchange rates),Fossil fuels ,2013,34.4
Italy,USD (2020 prices and exchange rates),Fossil fuels ,2014,23.598
Italy,USD (2020 prices and exchange rates),Fossil fuels ,2015,166.113
Italy,USD (2020 prices and exchange rates),Fossil fuels ,2016,122.407
Italy,USD (2020 prices and exchange rates),Fossil fuels ,2017,123.68
Italy,USD (2020 prices and exchange rates),Fossil fuels ,2018,125.916
Italy,USD (2020 prices and exchange rates),Fossil fuels ,2019,..
Italy,USD (2020 prices and exchange rates),Fossil fuels ,2020 Estimated,..
Italy,USD (2020 prices and exchange rates),Renewables ,2013,48.591
Italy,USD (2020 prices and exchange rates),Renewables ,2014,82.825
Italy,USD (2020 prices and exchange rates),Renewables ,2015,98.236
Italy,USD (2020 prices and exchange rates),Renewables ,2016,71.785
Italy,USD (2020 prices and exchange rates),Renewables ,2017,72.532
Italy,USD (2020 prices and exchange rates),Renewables ,2018,73.843
Italy,USD (2020 prices and exchange rates),Renewables ,2019,..
Italy,USD (2020 prices and exchange rates),Renewables ,2020 Estimated,..
Italy,USD (2020 prices and exchange rates),Nuclear,2013,3.286
Italy,USD (2020 prices and exchange rates),Nuclear,2014,1.476
Italy,USD (2020 prices and exchange rates),Nuclear,2015,2.998
Italy,USD (2020 prices and exchange rates),Nuclear,2016,2.784
Italy,USD (2020 prices and exchange rates),Nuclear,2017,2.812
Italy,USD (2020 prices and exchange rates),Nuclear,2018,2.863
Italy,USD (2020 prices and exchange rates),Nuclear,2019,..
Italy,USD (2020 prices and exchange rates),Nuclear,2020 Estimated,..
Italy,USD (2020 prices and exchange rates),Hydrogen and fuel cells,2013,10.836
Italy,USD (2020 prices and exchange rates),Hydrogen and fuel cells,2014,9.385
Italy,USD (2020 prices and exchange rates),Hydrogen and fuel cells,2015,8.246
Italy,USD (2020 prices and exchange rates),Hydrogen and fuel cells,2016,12.72
Italy,USD (2020 prices and exchange rates),Hydrogen and fuel cells,2017,12.852
Italy,USD (2020 prices and exchange rates),Hydrogen and fuel cells,2018,13.084
Italy,USD (2020 prices and exchange rates),Hydrogen and fuel cells,2019,..
Italy,USD (2020 prices and exchange rates),Hydrogen and fuel cells,2020 Estimated,..
Italy,USD (2020 prices and exchange rates),Other power and storage technologies ,2013,30.573
Italy,USD (2020 prices and exchange rates),Other power and storage technologies ,2014,32.276
Italy,USD (2020 prices and exchange rates),Other power and storage technologies ,2015,50.702
Italy,USD (2020 prices and exchange rates),Other power and storage technologies ,2016,70.038
Italy,USD (2020 prices and exchange rates),Other power and storage technologies ,2017,70.765
Italy,USD (2020 prices and exchange rates),Other power and storage technologies ,2018,72.046
Italy,USD (2020 prices and exchange rates),Other power and storage technologies ,2019,..
Italy,USD (2020 prices and exchange rates),Other power and storage technologies ,2020 Estimated,..
Italy,USD (2020 prices and exchange rates),Other cross-cutting technologies/research,2013,37.446
Italy,USD (2020 prices and exchange rates),Other cross-cutting technologies/research,2014,33.768
Italy,USD (2020 prices and exchange rates),Other cross-cutting technologies/research,2015,22.039
Italy,USD (2020 prices and exchange rates),Other cross-cutting technologies/research,2016,49.436
Italy,USD (2020 prices and exchange rates),Other cross-cutting technologies/research,2017,49.951
Italy,USD (2020 prices and exchange rates),Other cross-cutting technologies/research,2018,50.853
Italy,USD (2020 prices and exchange rates),Other cross-cutting technologies/research,2019,..
Italy,USD (2020 prices and exchange rates),Other cross-cutting technologies/research,2020 Estimated,..
Italy,USD (2020 prices and exchange rates),Unallocated,2013,0
Italy,USD (2020 prices and exchange rates),Unallocated,2014,0
Italy,USD (2020 prices and exchange rates),Unallocated,2015,0
Italy,USD (2020 prices and exchange rates),Unallocated,2016,0
Italy,USD (2020 prices and exchange rates),Unallocated,2017,0
Italy,USD (2020 prices and exchange rates),Unallocated,2018,0
Italy,USD (2020 prices and exchange rates),Unallocated,2019,..
Italy,USD (2020 prices and exchange rates),Unallocated,2020 Estimated,..
Italy,USD (2020 prices and exchange rates),Total Budget ,2013,373.026
Italy,USD (2020 prices and exchange rates),Total Budget ,2014,446.178
Italy,USD (2020 prices and exchange rates),Total Budget ,2015,1248.797
Italy,USD (2020 prices and exchange rates),Total Budget ,2016,1280.806
Italy,USD (2020 prices and exchange rates),Total Budget ,2017,1294.132
Italy,USD (2020 prices and exchange rates),Total Budget ,2018,1317.524
Italy,USD (2020 prices and exchange rates),Total Budget ,2019,..
Italy,USD (2020 prices and exchange rates),Total Budget ,2020 Estimated,..
Italy,USD (2020 prices and PPP),Energy efficiency ,2013,272.84
Italy,USD (2020 prices and PPP),Energy efficiency ,2014,344.967
Italy,USD (2020 prices and PPP),Energy efficiency ,2015,1181.676
Italy,USD (2020 prices and PPP),Energy efficiency ,2016,1248.936
Italy,USD (2020 prices and PPP),Energy efficiency ,2017,1261.931
Italy,USD (2020 prices and PPP),Energy efficiency ,2018,1284.74
Italy,USD (2020 prices and PPP),Energy efficiency ,2019,..
Italy,USD (2020 prices and PPP),Energy efficiency ,2020 Estimated,..
Italy,USD (2020 prices and PPP),Fossil fuels,2013,45.146
Italy,USD (2020 prices and PPP),Fossil fuels,2014,30.97
Italy,USD (2020 prices and PPP),Fossil fuels,2015,218.007
Italy,USD (2020 prices and PPP),Fossil fuels,2016,160.647
Italy,USD (2020 prices and PPP),Fossil fuels,2017,162.318
Italy,USD (2020 prices and PPP),Fossil fuels,2018,165.253
Italy,USD (2020 prices and PPP),Fossil fuels,2019,..
Italy,USD (2020 prices and PPP),Fossil fuels,2020 Estimated,..
Italy,USD (2020 prices and PPP),Renewables,2013,63.771
Italy,USD (2020 prices and PPP),Renewables,2014,108.7
Italy,USD (2020 prices and PPP),Renewables,2015,128.925
Italy,USD (2020 prices and PPP),Renewables,2016,94.211
Italy,USD (2020 prices and PPP),Renewables,2017,95.191
Italy,USD (2020 prices and PPP),Renewables,2018,96.912
Italy,USD (2020 prices and PPP),Renewables,2019,..
Italy,USD (2020 prices and PPP),Renewables,2020 Estimated,..
Italy,USD (2020 prices and PPP),Nuclear ,2013,4.312
Italy,USD (2020 prices and PPP),Nuclear ,2014,1.937
Italy,USD (2020 prices and PPP),Nuclear ,2015,3.934
Italy,USD (2020 prices and PPP),Nuclear ,2016,3.653
Italy,USD (2020 prices and PPP),Nuclear ,2017,3.691
Italy,USD (2020 prices and PPP),Nuclear ,2018,3.758
Italy,USD (2020 prices and PPP),Nuclear ,2019,..
Italy,USD (2020 prices and PPP),Nuclear ,2020 Estimated,..
Italy,USD (2020 prices and PPP),Hydrogen and fuel cells ,2013,14.221
Italy,USD (2020 prices and PPP),Hydrogen and fuel cells ,2014,12.317
Italy,USD (2020 prices and PPP),Hydrogen and fuel cells ,2015,10.822
Italy,USD (2020 prices and PPP),Hydrogen and fuel cells ,2016,16.694
Italy,USD (2020 prices and PPP),Hydrogen and fuel cells ,2017,16.867
Italy,USD (2020 prices and PPP),Hydrogen and fuel cells ,2018,17.172
Italy,USD (2020 prices and PPP),Hydrogen and fuel cells ,2019,..
Italy,USD (2020 prices and PPP),Hydrogen and fuel cells ,2020 Estimated,..
Italy,USD (2020 prices and PPP),Other power and storage technologies,2013,40.124
Italy,USD (2020 prices and PPP),Other power and storage technologies,2014,42.359
Italy,USD (2020 prices and PPP),Other power and storage technologies,2015,66.541
Italy,USD (2020 prices and PPP),Other power and storage technologies,2016,91.918
Italy,USD (2020 prices and PPP),Other power and storage technologies,2017,92.873
Italy,USD (2020 prices and PPP),Other power and storage technologies,2018,94.553
Italy,USD (2020 prices and PPP),Other power and storage technologies,2019,..
Italy,USD (2020 prices and PPP),Other power and storage technologies,2020 Estimated,..
Italy,USD (2020 prices and PPP),Other cross-cutting technologies/research ,2013,49.145
Italy,USD (2020 prices and PPP),Other cross-cutting technologies/research ,2014,44.317
Italy,USD (2020 prices and PPP),Other cross-cutting technologies/research ,2015,28.924
Italy,USD (2020 prices and PPP),Other cross-cutting technologies/research ,2016,64.88
Italy,USD (2020 prices and PPP),Other cross-cutting technologies/research ,2017,65.556
Italy,USD (2020 prices and PPP),Other cross-cutting technologies/research ,2018,66.74
Italy,USD (2020 prices and PPP),Other cross-cutting technologies/research ,2019,..
Italy,USD (2020 prices and PPP),Other cross-cutting technologies/research ,2020 Estimated,..
Italy,USD (2020 prices and PPP),Unallocated ,2013,0
Italy,USD (2020 prices and PPP),Unallocated ,2014,0
Italy,USD (2020 prices and PPP),Unallocated ,2015,0
Italy,USD (2020 prices and PPP),Unallocated ,2016,0
Italy,USD (2020 prices and PPP),Unallocated ,2017,0
Italy,USD (2020 prices and PPP),Unallocated ,2018,0
Italy,USD (2020 prices and PPP),Unallocated ,2019,..
Italy,USD (2020 prices and PPP),Unallocated ,2020 Estimated,..
Italy,USD (2020 prices and PPP),Total Budget,2013,489.562
Italy,USD (2020 prices and PPP),Total Budget,2014,585.567
Italy,USD (2020 prices and PPP),Total Budget,2015,1638.93
Italy,USD (2020 prices and PPP),Total Budget,2016,1680.939
Italy,USD (2020 prices and PPP),Total Budget,2017,1698.428
Italy,USD (2020 prices and PPP),Total Budget,2018,1729.127
Italy,USD (2020 prices and PPP),Total Budget,2019,..
Italy,USD (2020 prices and PPP),Total Budget,2020 Estimated,..
Italy,Euro (2020 prices and exchange rates),Energy efficiency ,2013,182.53
Italy,Euro (2020 prices and exchange rates),Energy efficiency ,2014,230.783
Italy,Euro (2020 prices and exchange rates),Energy efficiency ,2015,790.541
Italy,Euro (2020 prices and exchange rates),Energy efficiency ,2016,835.538
Italy,Euro (2020 prices and exchange rates),Energy efficiency ,2017,844.232
Italy,Euro (2020 prices and exchange rates),Energy efficiency ,2018,859.491
Italy,Euro (2020 prices and exchange rates),Energy efficiency ,2019,..
Italy,Euro (2020 prices and exchange rates),Energy efficiency ,2020 Estimated,..
Italy,Euro (2020 prices and exchange rates),Fossil fuels,2013,30.203
Italy,Euro (2020 prices and exchange rates),Fossil fuels,2014,20.719
Italy,Euro (2020 prices and exchange rates),Fossil fuels,2015,145.847
Italy,Euro (2020 prices and exchange rates),Fossil fuels,2016,107.473
Italy,Euro (2020 prices and exchange rates),Fossil fuels,2017,108.591
Italy,Euro (2020 prices and exchange rates),Fossil fuels,2018,110.554
Italy,Euro (2020 prices and exchange rates),Fossil fuels,2019,..
Italy,Euro (2020 prices and exchange rates),Fossil fuels,2020 Estimated,..
Italy,Euro (2020 prices and exchange rates),Renewables,2013,42.663
Italy,Euro (2020 prices and exchange rates),Renewables,2014,72.72
Italy,Euro (2020 prices and exchange rates),Renewables,2015,86.251
Italy,Euro (2020 prices and exchange rates),Renewables,2016,63.027
Italy,Euro (2020 prices and exchange rates),Renewables,2017,63.683
Italy,Euro (2020 prices and exchange rates),Renewables,2018,64.834
Italy,Euro (2020 prices and exchange rates),Renewables,2019,..
Italy,Euro (2020 prices and exchange rates),Renewables,2020 Estimated,..
Italy,Euro (2020 prices and exchange rates),Nuclear ,2013,2.885
Italy,Euro (2020 prices and exchange rates),Nuclear ,2014,1.296
Italy,Euro (2020 prices and exchange rates),Nuclear ,2015,2.632
Italy,Euro (2020 prices and exchange rates),Nuclear ,2016,2.444
Italy,Euro (2020 prices and exchange rates),Nuclear ,2017,2.469
Italy,Euro (2020 prices and exchange rates),Nuclear ,2018,2.514
Italy,Euro (2020 prices and exchange rates),Nuclear ,2019,..
Italy,Euro (2020 prices and exchange rates),Nuclear ,2020 Estimated,..
Italy,Euro (2020 prices and exchange rates),Hydrogen and fuel cells ,2013,9.514
Italy,Euro (2020 prices and exchange rates),Hydrogen and fuel cells ,2014,8.24
Italy,Euro (2020 prices and exchange rates),Hydrogen and fuel cells ,2015,7.24
Italy,Euro (2020 prices and exchange rates),Hydrogen and fuel cells ,2016,11.168
Italy,Euro (2020 prices and exchange rates),Hydrogen and fuel cells ,2017,11.284
Italy,Euro (2020 prices and exchange rates),Hydrogen and fuel cells ,2018,11.488
Italy,Euro (2020 prices and exchange rates),Hydrogen and fuel cells ,2019,..
Italy,Euro (2020 prices and exchange rates),Hydrogen and fuel cells ,2020 Estimated,..
Italy,Euro (2020 prices and exchange rates),Other power and storage technologies,2013,26.843
Italy,Euro (2020 prices and exchange rates),Other power and storage technologies,2014,28.338
Italy,Euro (2020 prices and exchange rates),Other power and storage technologies,2015,44.516
Italy,Euro (2020 prices and exchange rates),Other power and storage technologies,2016,61.493
Italy,Euro (2020 prices and exchange rates),Other power and storage technologies,2017,62.132
Italy,Euro (2020 prices and exchange rates),Other power and storage technologies,2018,63.256
Italy,Euro (2020 prices and exchange rates),Other power and storage technologies,2019,..
Italy,Euro (2020 prices and exchange rates),Other power and storage technologies,2020 Estimated,..
Italy,Euro (2020 prices and exchange rates),Other cross-cutting technologies/research ,2013,32.878
Italy,Euro (2020 prices and exchange rates),Other cross-cutting technologies/research ,2014,29.648
Italy,Euro (2020 prices and exchange rates),Other cross-cutting technologies/research ,2015,19.35
Italy,Euro (2020 prices and exchange rates),Other cross-cutting technologies/research ,2016,43.405
Italy,Euro (2020 prices and exchange rates),Other cross-cutting technologies/research ,2017,43.857
Italy,Euro (2020 prices and exchange rates),Other cross-cutting technologies/research ,2018,44.649
Italy,Euro (2020 prices and exchange rates),Other cross-cutting technologies/research ,2019,..
Italy,Euro (2020 prices and exchange rates),Other cross-cutting technologies/research ,2020 Estimated,..
Italy,Euro (2020 prices and exchange rates),Unallocated ,2013,0
Italy,Euro (2020 prices and exchange rates),Unallocated ,2014,0
Italy,Euro (2020 prices and exchange rates),Unallocated ,2015,0
Italy,Euro (2020 prices and exchange rates),Unallocated ,2016,0
Italy,Euro (2020 prices and exchange rates),Unallocated ,2017,0
Italy,Euro (2020 prices and exchange rates),Unallocated ,2018,0
Italy,Euro (2020 prices and exchange rates),Unallocated ,2019,..
Italy,Euro (2020 prices and exchange rates),Unallocated ,2020 Estimated,..
Italy,Euro (2020 prices and exchange rates),Total Budget,2013,327.517
Italy,Euro (2020 prices and exchange rates),Total Budget,2014,391.744
Italy,Euro (2020 prices and exchange rates),Total Budget,2015,1096.444
Italy,Euro (2020 prices and exchange rates),Total Budget,2016,1124.548
Italy,Euro (2020 prices and exchange rates),Total Budget,2017,1136.248
Italy,Euro (2020 prices and exchange rates),Total Budget,2018,1156.786
Italy,Euro (2020 prices and exchange rates),Total Budget,2019,..
Italy,Euro (2020 prices and exchange rates),Total Budget,2020 Estimated,..
